inventory_id,product_id,warehouse_id,stock_qty,last_updated
1,1,3,302,2025-07-31 03:39:40
2,2,3,11,2025-07-19 09:33:03
3,3,1,317,2025-04-29 18:36:38
4,4,1,79,2025-04-16 12:13:54
5,5,3,215,2025-07-21 12:24:45
6,6,3,338,2025-01-10 18:21:45
7,7,3,263,2025-07-13 21:15:47
8,8,4,478,2025-02-06 06:18:18
9,9,5,148,2025-03-15 21:07:13
10,10,4,80,2025-02-05 14:01:02
11,11,2,214,2025-03-09 02:01:00
12,12,4,484,2025-08-12 01:30:01
13,13,3,373,2025-06-05 10:25:44
14,14,4,463,2025-05-20 18:04:21
15,15,1,197,2025-09-04 19:29:51
16,16,3,199,2025-07-11 03:33:06
17,17,5,24,2025-07-17 19:58:08
18,18,4,465,2025-01-31 01:35:10
19,19,3,88,2025-04-19 00:48:16
20,20,1,267,2025-01-05 11:05:02
21,21,1,142,2025-01-10 15:33:55
22,22,4,58,2025-07-16 09:15:30
23,23,3,409,2025-01-24 10:40:09
24,24,5,488,2025-03-08 13:25:20
25,25,2,364,2025-06-16 22:42:11
26,26,1,25,2025-01-29 14:55:46
27,27,2,46,2025-03-02 16:14:30
28,28,5,287,2025-08-14 22:15:52
29,29,4,265,2025-08-06 11:05:39
30,30,1,15,2025-08-03 14:05:19
31,31,2,198,2025-04-11 08:04:29
32,32,1,400,2025-01-12 12:03:53
33,33,2,406,2025-01-12 19:21:15
34,34,3,281,2025-01-10 12:48:28
35,35,3,468,2025-08-25 20:49:07
36,36,4,85,2025-03-28 10:05:25
37,37,5,249,2025-04-25 08:56:35
38,38,1,390,2025-03-18 11:50:33
39,39,5,269,2025-07-09 22:52:01
40,40,2,334,2025-08-07 09:15:00
41,41,4,116,2025-06-25 16:29:46
42,42,3,6,2025-08-21 09:37:34
43,43,3,136,2025-03-30 17:53:25
44,44,4,370,2025-01-09 04:08:34
45,45,1,175,2025-05-23 15:38:07
46,46,5,327,2025-03-06 13:02:29
47,47,2,497,2025-01-18 12:14:47
48,48,5,314,2025-06-28 04:22:16
49,49,3,214,2025-08-05 05:13:36
50,50,4,476,2025-01-19 20:09:06
51,51,3,81,2025-05-21 02:31:18
52,52,3,222,2025-04-19 13:57:24
53,53,2,477,2025-05-31 08:10:15
54,54,1,371,2025-07-17 06:32:23
55,55,1,422,2025-02-14 07:26:50
56,56,2,482,2025-06-27 20:07:38
57,57,4,401,2025-05-04 06:50:59
58,58,5,442,2025-07-26 19:10:30
59,59,4,489,2025-07-24 03:33:11
60,60,5,102,2025-07-27 22:04:11
61,61,1,272,2025-06-19 21:50:26
62,62,3,13,2025-08-20 08:41:19
63,63,3,158,2025-05-23 21:08:26
64,64,4,151,2025-06-25 16:24:55
65,65,2,482,2025-08-02 20:05:28
66,66,5,107,2025-08-15 15:46:40
67,67,3,187,2025-07-14 11:19:26
68,68,4,300,2025-06-09 04:13:56
69,69,2,97,2025-03-10 23:15:14
70,70,1,130,2025-02-13 22:12:42
71,71,2,292,2025-03-27 03:14:31
72,72,1,170,2025-04-19 14:33:37
73,73,4,423,2025-05-15 10:42:42
74,74,2,473,2025-08-04 03:24:51
75,75,4,182,2025-06-22 01:22:24
76,76,1,470,2025-01-16 23:47:38
77,77,3,363,2025-07-03 16:50:54
78,78,3,38,2025-08-12 00:05:00
79,79,1,14,2025-01-15 21:59:21
80,80,5,375,2025-04-02 01:58:48
81,81,5,496,2025-03-27 14:23:30
82,82,3,3,2025-01-22 11:02:29
83,83,3,348,2025-06-21 20:13:37
84,84,2,469,2025-03-28 07:14:11
85,85,2,408,2025-07-09 01:04:34
86,86,3,396,2025-02-21 05:02:58
87,87,5,209,2025-02-24 19:42:11
88,88,2,160,2025-06-04 19:52:04
89,89,1,15,2025-07-16 08:34:28
90,90,2,492,2025-07-25 23:31:53
91,91,2,425,2025-02-24 02:30:00
92,92,2,107,2025-08-08 15:28:08
93,93,4,381,2025-03-19 23:49:04
94,94,1,449,2025-05-16 14:55:02
95,95,3,310,2025-02-21 04:51:12
96,96,5,226,2025-01-13 06:18:50
97,97,5,169,2025-03-01 05:00:40
98,98,3,33,2025-07-22 06:04:54
99,99,4,413,2025-07-24 00:49:24
100,100,5,250,2025-02-03 06:02:19
101,101,2,246,2025-03-01 23:41:16
102,102,5,268,2025-04-30 01:49:09
103,103,1,140,2025-04-29 08:20:47
104,104,1,273,2025-05-16 12:07:17
105,105,3,415,2025-06-28 04:39:13
106,106,4,95,2025-02-18 15:12:08
107,107,4,226,2025-07-18 10:15:58
108,108,5,378,2025-01-04 10:00:13
109,109,4,38,2025-03-19 08:45:53
110,110,4,301,2025-07-31 07:17:25
111,111,5,499,2025-08-23 00:21:32
112,112,1,28,2025-07-23 01:49:25
113,113,2,445,2025-01-20 07:59:43
114,114,3,496,2025-07-04 04:11:58
115,115,1,476,2025-04-20 12:37:36
116,116,4,317,2025-08-09 14:15:38
117,117,4,244,2025-01-29 14:37:41
118,118,5,235,2025-04-20 19:14:29
119,119,3,184,2025-02-10 23:58:34
120,120,2,271,2025-05-17 21:39:52
121,121,5,439,2025-08-28 08:18:51
122,122,5,235,2025-03-10 18:29:03
123,123,2,238,2025-07-13 05:03:39
124,124,2,376,2025-03-06 17:42:36
125,125,4,265,2025-07-27 18:27:42
126,126,5,413,2025-04-21 11:54:25
127,127,1,408,2025-02-22 13:49:35
128,128,1,358,2025-02-06 01:09:04
129,129,5,339,2025-03-29 03:54:49
130,130,2,388,2025-05-17 07:36:56
131,131,3,64,2025-03-30 16:56:41
132,132,2,477,2025-02-03 11:23:17
133,133,2,176,2025-07-31 05:17:29
134,134,3,2,2025-08-28 16:27:20
135,135,2,428,2025-08-14 08:20:08
136,136,3,141,2025-01-04 16:02:19
137,137,5,375,2025-03-26 20:26:45
138,138,3,157,2025-04-06 07:37:17
139,139,1,497,2025-06-04 00:04:15
140,140,3,323,2025-05-18 07:47:28
141,141,2,145,2025-07-05 23:53:15
142,142,5,445,2025-03-18 22:36:03
143,143,3,292,2025-03-14 06:05:18
144,144,2,152,2025-02-06 03:08:13
145,145,3,431,2025-03-13 19:10:48
146,146,5,192,2025-03-28 12:21:39
147,147,5,436,2025-03-06 09:21:01
148,148,1,493,2025-01-30 16:25:16
149,149,5,462,2025-03-20 19:57:51
150,150,2,72,2025-01-04 10:57:39
151,151,5,398,2025-01-11 02:10:55
152,152,5,304,2025-06-08 20:09:30
153,153,2,376,2025-04-24 15:19:32
154,154,2,343,2025-04-02 14:05:20
155,155,5,451,2025-01-16 19:45:22
156,156,5,139,2025-03-27 03:58:16
157,157,3,186,2025-01-11 03:17:22
158,158,5,292,2025-08-05 20:06:00
159,159,1,60,2025-01-20 00:34:05
160,160,1,484,2025-03-29 04:51:25
161,161,1,426,2025-01-28 14:29:59
162,162,1,379,2025-03-07 00:06:31
163,163,5,197,2025-08-10 00:14:27
164,164,3,294,2025-08-19 12:48:20
165,165,2,439,2025-04-30 18:28:18
166,166,5,318,2025-07-04 00:07:48
167,167,4,301,2025-06-15 18:07:27
168,168,5,343,2025-08-04 12:16:08
169,169,1,10,2025-04-22 19:05:45
170,170,4,61,2025-02-10 02:50:19
171,171,5,332,2025-01-20 10:51:36
172,172,3,225,2025-01-26 09:53:00
173,173,3,152,2025-07-26 20:53:07
174,174,4,198,2025-05-12 10:17:02
175,175,2,51,2025-06-23 22:19:56
176,176,4,259,2025-05-08 06:10:25
177,177,3,58,2025-01-21 19:19:45
178,178,4,71,2025-05-10 21:28:40
179,179,1,147,2025-03-09 16:59:18
180,180,1,348,2025-02-25 18:13:39
181,181,2,62,2025-02-17 10:21:30
182,182,4,309,2025-04-05 06:26:53
183,183,4,372,2025-01-07 18:03:33
184,184,4,242,2025-07-24 02:38:59
185,185,4,492,2025-03-29 14:43:06
186,186,2,365,2025-07-18 13:41:26
187,187,3,329,2025-05-22 06:48:50
188,188,5,106,2025-05-19 19:31:54
189,189,2,225,2025-08-12 08:47:02
190,190,3,312,2025-03-25 17:51:41
191,191,3,217,2025-04-09 08:34:49
192,192,3,424,2025-07-19 19:22:56
193,193,4,240,2025-07-30 18:43:00
194,194,2,258,2025-01-06 20:34:49
195,195,3,375,2025-08-24 17:07:01
196,196,5,261,2025-06-21 13:25:20
197,197,5,4,2025-05-20 03:07:41
198,198,1,260,2025-06-22 18:26:09
199,199,3,53,2025-07-09 22:40:39
200,200,2,46,2025-03-16 19:51:35
201,201,4,214,2025-08-18 22:57:03
202,202,1,176,2025-04-18 18:34:13
203,203,3,8,2025-03-12 07:17:37
204,204,4,98,2025-01-09 19:29:44
205,205,2,19,2025-06-26 23:38:50
206,206,2,377,2025-07-29 21:37:42
207,207,1,240,2025-09-05 20:56:05
208,208,1,60,2025-03-18 07:38:53
209,209,3,378,2025-04-01 20:53:27
210,210,4,489,2025-08-13 13:10:06
211,211,5,418,2025-03-21 16:52:51
212,212,4,177,2025-08-11 14:42:56
213,213,2,337,2025-06-29 21:27:07
214,214,2,61,2025-07-07 10:22:47
215,215,3,144,2025-03-17 03:54:20
216,216,5,215,2025-08-13 05:33:18
217,217,3,2,2025-01-01 12:16:06
218,218,2,159,2025-02-12 02:09:02
219,219,2,226,2025-03-16 01:55:11
220,220,4,485,2025-07-02 01:34:58
221,221,5,268,2025-01-08 19:32:40
222,222,4,119,2025-08-31 14:56:49
223,223,4,380,2025-07-17 03:47:45
224,224,3,494,2025-04-29 06:27:50
225,225,4,88,2025-06-29 23:09:44
226,226,1,328,2025-03-07 20:56:30
227,227,1,67,2025-03-15 19:25:07
228,228,4,397,2025-05-02 02:55:31
229,229,5,356,2025-07-21 18:02:09
230,230,4,97,2025-08-23 05:57:23
231,231,2,266,2025-01-21 04:20:26
232,232,2,104,2025-01-05 17:28:47
233,233,5,439,2025-06-24 22:37:10
234,234,3,322,2025-02-17 00:33:40
235,235,1,122,2025-03-04 18:40:25
236,236,1,475,2025-01-23 11:08:23
237,237,3,28,2025-03-20 03:57:56
238,238,4,136,2025-05-27 02:39:18
239,239,5,194,2025-01-15 22:35:36
240,240,4,408,2025-01-20 11:46:14
241,241,3,225,2025-09-04 23:25:10
242,242,5,331,2025-05-26 19:08:06
243,243,1,169,2025-02-18 17:56:36
244,244,1,8,2025-05-02 06:49:40
245,245,4,462,2025-07-08 02:31:55
246,246,2,39,2025-07-14 20:54:00
247,247,3,24,2025-05-18 14:25:28
248,248,3,260,2025-01-28 18:22:50
249,249,4,394,2025-04-01 17:49:48
250,250,3,442,2025-07-08 08:13:11
251,251,1,225,2025-03-15 09:16:54
252,252,4,471,2025-08-25 07:09:58
253,253,1,123,2025-08-10 04:44:23
254,254,5,462,2025-07-27 20:36:01
255,255,5,37,2025-06-28 10:45:21
256,256,2,327,2025-06-02 12:39:56
257,257,3,250,2025-03-27 03:41:32
258,258,5,388,2025-01-31 14:38:21
259,259,3,175,2025-05-16 01:10:17
260,260,1,89,2025-03-11 22:19:28
261,261,4,401,2025-02-12 00:49:26
262,262,5,453,2025-05-11 13:02:19
263,263,4,36,2025-03-15 04:48:44
264,264,5,315,2025-03-26 02:49:19
265,265,3,175,2025-03-30 03:57:34
266,266,5,460,2025-04-23 01:33:24
267,267,5,283,2025-07-23 00:17:10
268,268,1,452,2025-05-02 07:53:42
269,269,2,460,2025-05-11 10:56:58
270,270,1,80,2025-05-08 19:20:05
271,271,4,113,2025-08-10 12:08:43
272,272,3,39,2025-02-03 12:30:57
273,273,3,300,2025-06-02 17:48:10
274,274,5,223,2025-06-17 07:58:06
275,275,3,317,2025-07-03 15:26:26
276,276,2,348,2025-08-28 07:22:53
277,277,2,114,2025-02-08 01:32:59
278,278,5,185,2025-02-22 00:33:38
279,279,5,322,2025-08-14 10:37:12
280,280,4,55,2025-03-09 16:48:31
281,281,5,39,2025-05-14 02:39:18
282,282,1,353,2025-03-09 16:43:28
283,283,1,39,2025-08-01 20:47:32
284,284,1,346,2025-06-06 18:27:49
285,285,2,460,2025-08-06 03:06:34
286,286,3,236,2025-06-01 14:57:00
287,287,4,288,2025-03-07 13:10:22
288,288,5,261,2025-06-25 12:54:16
289,289,4,215,2025-03-04 18:00:23
290,290,2,146,2025-09-07 00:02:35
291,291,5,335,2025-08-13 04:41:38
292,292,5,167,2025-04-24 22:36:49
293,293,2,91,2025-04-18 14:06:31
294,294,3,352,2025-05-26 22:08:19
295,295,5,58,2025-01-20 17:56:10
296,296,3,58,2025-04-02 18:31:55
297,297,2,303,2025-07-01 07:12:11
298,298,4,168,2025-08-05 20:40:20
299,299,5,268,2025-01-31 05:09:57
300,300,3,362,2025-07-25 12:03:15
301,301,5,44,2025-02-14 21:32:51
302,302,3,344,2025-07-21 04:00:50
303,303,5,180,2025-06-20 21:41:04
304,304,5,169,2025-03-17 07:40:55
305,305,5,355,2025-06-05 08:25:15
306,306,4,190,2025-07-09 22:04:48
307,307,5,154,2025-01-19 23:31:56
308,308,3,421,2025-06-24 09:22:53
309,309,4,187,2025-03-07 17:50:28
310,310,1,6,2025-05-16 22:13:49
311,311,3,132,2025-06-13 20:54:57
312,312,3,234,2025-07-09 09:16:16
313,313,1,44,2025-06-14 03:27:33
314,314,4,313,2025-04-08 09:15:59
315,315,5,248,2025-01-04 17:21:08
316,316,3,498,2025-02-25 07:58:52
317,317,1,30,2025-04-01 04:17:58
318,318,5,22,2025-01-15 21:15:07
319,319,4,425,2025-05-08 13:53:48
320,320,3,393,2025-09-01 14:19:24
321,321,5,159,2025-08-06 14:21:49
322,322,5,362,2025-05-22 13:29:40
323,323,2,436,2025-08-07 18:52:20
324,324,1,157,2025-01-28 20:44:01
325,325,5,38,2025-02-02 05:49:06
326,326,4,414,2025-04-27 10:03:02
327,327,2,81,2025-06-05 19:10:43
328,328,5,355,2025-02-06 12:39:27
329,329,5,257,2025-07-19 12:19:21
330,330,4,205,2025-03-30 09:49:18
331,331,2,76,2025-03-02 15:36:58
332,332,2,476,2025-07-09 13:11:32
333,333,1,11,2025-06-24 21:22:02
334,334,5,294,2025-03-16 23:18:01
335,335,1,449,2025-03-13 20:16:53
336,336,2,223,2025-03-07 00:53:01
337,337,1,12,2025-01-07 07:41:43
338,338,4,45,2025-07-21 17:56:40
339,339,3,154,2025-03-09 13:37:31
340,340,4,112,2025-05-03 05:46:52
341,341,2,232,2025-02-06 12:24:43
342,342,4,16,2025-01-08 18:34:46
343,343,2,359,2025-06-01 11:50:31
344,344,4,222,2025-04-15 23:31:17
345,345,5,353,2025-05-26 23:02:36
346,346,5,187,2025-03-21 13:53:40
347,347,4,447,2025-07-02 11:22:24
348,348,1,343,2025-04-23 12:32:33
349,349,2,364,2025-03-30 10:03:23
350,350,5,162,2025-03-07 23:03:11
351,351,2,495,2025-05-20 05:11:01
352,352,5,325,2025-05-05 22:30:12
353,353,3,466,2025-05-12 03:57:14
354,354,4,413,2025-05-26 08:49:41
355,355,5,454,2025-08-31 13:51:53
356,356,4,73,2025-05-20 05:35:39
357,357,3,232,2025-08-31 22:28:47
358,358,2,223,2025-04-25 15:49:24
359,359,4,481,2025-01-23 13:28:06
360,360,5,318,2025-05-03 09:28:25
361,361,3,411,2025-03-18 17:44:29
362,362,5,59,2025-01-13 00:14:54
363,363,3,334,2025-06-28 18:19:10
364,364,3,221,2025-02-05 03:56:51
365,365,5,36,2025-08-07 21:12:49
366,366,4,476,2025-05-12 14:46:23
367,367,2,277,2025-02-27 08:45:57
368,368,2,195,2025-02-24 01:57:40
369,369,3,403,2025-07-10 13:34:54
370,370,5,351,2025-06-22 11:51:05
371,371,3,483,2025-05-01 19:45:04
372,372,2,241,2025-08-18 02:18:25
373,373,3,323,2025-03-12 20:05:18
374,374,3,218,2025-08-17 03:14:30
375,375,2,191,2025-04-17 15:35:07
376,376,4,16,2025-05-30 11:54:08
377,377,3,11,2025-05-09 15:46:40
378,378,4,405,2025-05-16 13:42:34
379,379,3,400,2025-02-09 01:06:36
380,380,5,393,2025-08-25 16:20:32
381,381,3,373,2025-04-25 22:17:42
382,382,3,192,2025-08-27 14:50:16
383,383,1,21,2025-04-25 19:28:47
384,384,5,473,2025-08-12 19:33:16
385,385,5,119,2025-07-01 16:21:33
386,386,4,209,2025-08-01 20:54:12
387,387,4,305,2025-06-13 04:15:11
388,388,3,269,2025-01-28 07:36:28
389,389,2,191,2025-06-20 15:26:48
390,390,3,174,2025-08-28 07:22:02
391,391,1,284,2025-07-27 11:42:58
392,392,3,203,2025-01-15 21:16:44
393,393,1,163,2025-08-18 23:05:34
394,394,3,250,2025-08-24 07:22:42
395,395,4,226,2025-08-12 19:17:24
396,396,3,435,2025-02-06 13:07:06
397,397,4,380,2025-04-11 01:13:25
398,398,2,459,2025-08-05 21:19:20
399,399,2,6,2025-01-27 17:10:37
400,400,5,28,2025-05-17 01:19:12
401,401,3,394,2025-05-27 17:07:24
402,402,5,32,2025-03-28 12:58:25
403,403,3,133,2025-02-23 19:42:26
404,404,2,366,2025-06-11 07:46:03
405,405,1,78,2025-04-10 06:46:12
406,406,5,415,2025-03-23 08:39:50
407,407,5,434,2025-04-07 05:12:22
408,408,2,458,2025-02-05 17:20:59
409,409,2,57,2025-02-02 09:00:37
410,410,1,470,2025-05-17 16:30:40
411,411,5,25,2025-03-18 15:29:19
412,412,2,481,2025-06-09 00:11:38
413,413,2,429,2025-06-26 08:19:20
414,414,1,225,2025-05-18 21:54:11
415,415,1,284,2025-07-26 16:13:42
416,416,4,3,2025-06-25 16:21:59
417,417,3,464,2025-01-11 19:36:19
418,418,4,98,2025-04-21 02:27:05
419,419,1,396,2025-04-26 03:54:32
420,420,2,488,2025-08-27 04:06:18
421,421,1,38,2025-05-31 01:50:48
422,422,5,270,2025-07-15 03:31:45
423,423,2,374,2025-05-17 23:01:04
424,424,4,284,2025-04-20 14:10:59
425,425,4,156,2025-06-10 20:45:43
426,426,4,74,2025-02-24 10:43:49
427,427,2,371,2025-03-22 18:02:17
428,428,3,287,2025-07-23 21:25:45
429,429,3,129,2025-05-21 10:29:48
430,430,3,174,2025-04-21 14:56:40
431,431,1,461,2025-02-23 13:28:23
432,432,1,83,2025-06-21 08:21:49
433,433,5,21,2025-05-02 16:44:33
434,434,2,458,2025-03-24 16:54:41
435,435,5,26,2025-03-19 20:02:17
436,436,1,194,2025-06-28 11:01:07
437,437,2,336,2025-04-08 15:55:24
438,438,4,381,2025-05-28 20:24:52
439,439,2,235,2025-09-06 15:19:02
440,440,1,439,2025-02-15 22:11:24
441,441,4,91,2025-06-11 19:47:43
442,442,4,476,2025-03-23 12:38:52
443,443,2,20,2025-04-15 04:30:54
444,444,3,302,2025-07-17 09:35:02
445,445,1,463,2025-02-07 20:06:40
446,446,1,356,2025-08-25 12:10:28
447,447,3,442,2025-08-05 23:01:02
448,448,5,83,2025-02-26 15:54:40
449,449,5,261,2025-02-25 03:12:18
450,450,1,146,2025-08-19 06:15:41
451,451,3,440,2025-01-09 07:09:36
452,452,3,452,2025-03-07 08:14:44
453,453,4,386,2025-05-26 03:54:10
454,454,5,256,2025-02-22 19:47:11
455,455,5,57,2025-01-08 11:00:00
456,456,4,379,2025-08-24 22:14:54
457,457,2,421,2025-01-10 05:51:16
458,458,5,14,2025-08-30 18:31:36
459,459,4,161,2025-01-03 22:58:08
460,460,3,444,2025-07-09 04:58:48
461,461,2,162,2025-07-19 08:47:21
462,462,1,319,2025-01-13 08:02:01
463,463,3,496,2025-09-04 05:03:08
464,464,2,280,2025-01-04 15:34:35
465,465,4,279,2025-02-01 09:13:11
466,466,3,11,2025-08-13 16:26:27
467,467,2,273,2025-03-02 18:20:57
468,468,1,270,2025-01-31 18:16:24
469,469,3,491,2025-01-06 21:26:47
470,470,3,207,2025-05-06 10:42:47
471,471,5,26,2025-06-11 22:03:44
472,472,2,71,2025-06-03 04:24:39
473,473,2,59,2025-04-28 19:34:26
474,474,5,429,2025-08-21 23:24:56
475,475,4,472,2025-01-31 05:03:22
476,476,4,144,2025-06-08 17:44:30
477,477,5,92,2025-01-17 21:21:33
478,478,3,308,2025-07-29 14:37:01
479,479,1,7,2025-02-21 06:01:22
480,480,4,78,2025-09-06 07:04:49
481,481,1,26,2025-05-19 22:59:19
482,482,2,173,2025-08-22 16:58:33
483,483,2,49,2025-05-08 11:42:00
484,484,4,499,2025-06-24 20:00:13
485,485,3,198,2025-03-20 10:59:29
486,486,2,386,2025-08-12 00:07:24
487,487,1,348,2025-04-14 15:20:33
488,488,3,447,2025-08-22 20:56:31
489,489,4,427,2025-07-16 05:58:31
490,490,2,180,2025-03-28 04:01:20
491,491,4,23,2025-04-30 22:15:52
492,492,3,315,2025-06-01 04:57:55
493,493,3,377,2025-04-16 06:56:01
494,494,3,386,2025-04-10 22:08:06
495,495,5,403,2025-06-01 06:10:24
496,496,5,45,2025-04-26 05:08:33
497,497,1,14,2025-04-30 16:39:45
498,498,3,152,2025-07-09 07:17:03
499,499,3,221,2025-06-11 16:28:30
500,500,2,205,2025-01-28 23:08:10
501,501,1,454,2025-06-23 06:28:01
502,502,1,272,2025-08-11 22:09:23
503,503,4,381,2025-08-16 03:07:12
504,504,3,235,2025-08-13 09:26:00
505,505,2,339,2025-07-12 02:06:46
506,506,4,227,2025-06-25 07:51:00
507,507,5,8,2025-02-26 03:33:22
508,508,3,165,2025-04-10 19:22:44
509,509,1,431,2025-01-22 10:48:54
510,510,3,443,2025-06-01 12:40:44
511,511,3,318,2025-01-02 11:36:46
512,512,5,213,2025-06-22 22:27:23
513,513,2,116,2025-06-05 04:08:05
514,514,2,385,2025-05-10 05:26:18
515,515,2,343,2025-03-17 09:17:54
516,516,4,71,2025-03-10 00:09:54
517,517,2,394,2025-02-20 15:16:07
518,518,4,63,2025-03-27 13:22:10
519,519,5,204,2025-03-09 09:23:52
520,520,3,208,2025-07-10 12:42:45
521,521,4,71,2025-05-25 20:59:34
522,522,5,276,2025-04-29 15:35:01
523,523,4,273,2025-05-26 01:04:25
524,524,5,477,2025-06-14 20:37:09
525,525,2,319,2025-01-28 01:43:24
526,526,2,337,2025-03-24 14:22:13
527,527,5,365,2025-02-02 12:51:06
528,528,1,494,2025-07-10 15:01:05
529,529,5,94,2025-08-12 13:19:20
530,530,4,165,2025-02-24 03:10:34
531,531,5,31,2025-08-30 10:10:17
532,532,3,10,2025-01-31 02:55:13
533,533,1,300,2025-01-21 03:42:35
534,534,5,216,2025-08-01 06:42:00
535,535,1,288,2025-07-05 19:10:17
536,536,1,101,2025-03-25 21:03:39
537,537,5,424,2025-04-19 22:04:00
538,538,5,391,2025-07-04 23:38:13
539,539,2,266,2025-02-21 14:22:07
540,540,5,213,2025-08-03 04:58:22
541,541,5,178,2025-08-15 00:17:46
542,542,2,87,2025-06-02 05:52:41
543,543,2,40,2025-04-29 04:16:57
544,544,3,400,2025-08-30 01:49:37
545,545,5,75,2025-05-25 16:35:26
546,546,4,376,2025-01-25 08:24:01
547,547,1,45,2025-03-05 16:00:44
548,548,2,159,2025-03-03 16:35:24
549,549,5,462,2025-08-27 13:38:47
550,550,4,79,2025-07-04 04:35:42
551,551,1,309,2025-01-16 01:54:51
552,552,5,85,2025-05-04 13:57:50
553,553,4,91,2025-04-07 02:25:11
554,554,1,147,2025-06-12 14:55:22
555,555,4,160,2025-06-20 07:12:11
556,556,2,201,2025-08-04 16:41:09
557,557,5,423,2025-05-29 09:55:15
558,558,4,415,2025-08-25 12:45:05
559,559,4,241,2025-07-03 01:59:57
560,560,5,352,2025-01-30 23:27:24
561,561,1,1,2025-04-04 15:55:54
562,562,5,224,2025-04-21 18:51:58
563,563,4,288,2025-07-22 11:38:06
564,564,3,232,2025-06-11 01:06:55
565,565,1,460,2025-08-03 16:15:19
566,566,4,413,2025-01-30 19:06:34
567,567,3,416,2025-06-27 23:12:52
568,568,1,76,2025-08-15 17:23:17
569,569,2,115,2025-06-11 00:54:12
570,570,5,153,2025-06-07 05:00:24
571,571,1,405,2025-06-06 23:18:51
572,572,1,102,2025-03-09 13:23:30
573,573,4,193,2025-08-03 20:50:21
574,574,3,165,2025-07-24 11:58:59
575,575,1,358,2025-04-06 18:50:47
576,576,5,89,2025-03-16 23:42:35
577,577,1,173,2025-03-12 07:41:25
578,578,1,121,2025-03-29 19:49:39
579,579,4,497,2025-07-14 20:02:04
580,580,1,142,2025-07-03 10:48:41
581,581,3,481,2025-01-19 23:16:21
582,582,4,105,2025-03-24 14:20:18
583,583,2,374,2025-03-12 04:27:44
584,584,2,427,2025-08-03 14:53:19
585,585,4,304,2025-08-26 19:43:26
586,586,3,359,2025-01-23 05:31:50
587,587,4,458,2025-04-03 10:53:04
588,588,4,316,2025-07-18 09:17:27
589,589,4,450,2025-08-17 07:56:30
590,590,4,122,2025-04-06 08:02:39
591,591,1,389,2025-06-14 22:10:54
592,592,5,8,2025-01-03 23:46:47
593,593,2,261,2025-05-02 00:23:37
594,594,3,72,2025-02-26 22:59:53
595,595,1,358,2025-01-08 09:08:17
596,596,2,222,2025-07-05 20:17:48
597,597,5,415,2025-03-27 12:54:43
598,598,4,40,2025-05-27 02:56:12
599,599,5,369,2025-03-06 14:30:49
600,600,2,203,2025-07-05 02:48:07
601,601,2,263,2025-01-06 16:47:29
602,602,1,327,2025-01-30 09:31:45
603,603,1,177,2025-03-18 01:19:28
604,604,3,347,2025-03-19 01:58:46
605,605,4,317,2025-07-21 12:20:13
606,606,5,83,2025-05-13 15:14:42
607,607,4,317,2025-07-10 18:20:11
608,608,5,110,2025-04-07 01:07:01
609,609,4,250,2025-05-21 05:29:07
610,610,2,382,2025-05-16 17:02:06
611,611,2,6,2025-07-10 20:28:26
612,612,4,458,2025-04-06 19:59:51
613,613,3,83,2025-05-08 06:28:14
614,614,2,207,2025-07-18 04:06:57
615,615,3,387,2025-08-12 03:59:48
616,616,2,389,2025-01-02 23:43:31
617,617,1,313,2025-09-02 03:22:57
618,618,1,21,2025-05-19 00:49:11
619,619,4,409,2025-06-29 09:13:39
620,620,5,382,2025-09-03 04:40:33
621,621,1,2,2025-03-03 19:27:54
622,622,2,126,2025-06-05 04:03:22
623,623,2,296,2025-06-18 07:11:39
624,624,1,187,2025-09-04 14:22:22
625,625,1,361,2025-09-05 10:59:12
626,626,5,13,2025-07-16 21:58:53
627,627,1,458,2025-07-30 15:58:13
628,628,4,465,2025-03-27 19:17:04
629,629,5,11,2025-01-11 01:26:35
630,630,1,86,2025-06-16 03:59:51
631,631,2,11,2025-01-28 19:35:40
632,632,1,396,2025-02-20 13:57:08
633,633,4,24,2025-04-02 23:31:09
634,634,4,300,2025-07-21 15:40:12
635,635,2,242,2025-07-16 08:03:02
636,636,5,121,2025-03-31 04:35:45
637,637,2,146,2025-09-06 18:10:04
638,638,1,54,2025-06-15 14:40:10
639,639,2,237,2025-07-20 05:47:06
640,640,5,355,2025-02-21 13:40:04
641,641,3,172,2025-06-14 14:34:18
642,642,2,391,2025-07-12 19:34:06
643,643,5,220,2025-03-22 00:52:58
644,644,3,118,2025-06-23 02:27:00
645,645,5,308,2025-08-03 20:19:13
646,646,5,182,2025-08-23 16:07:29
647,647,3,287,2025-02-01 13:51:00
648,648,2,306,2025-02-28 16:39:50
649,649,3,299,2025-05-30 16:16:44
650,650,2,81,2025-08-30 03:09:52
651,651,5,453,2025-05-28 06:57:58
652,652,2,401,2025-06-07 00:14:22
653,653,4,210,2025-07-13 09:18:26
654,654,3,149,2025-04-22 16:51:22
655,655,3,36,2025-05-06 05:56:14
656,656,1,351,2025-04-09 02:45:45
657,657,5,311,2025-03-16 00:55:09
658,658,5,360,2025-03-24 15:08:46
659,659,2,58,2025-04-27 04:22:09
660,660,4,130,2025-09-03 04:45:42
661,661,5,411,2025-02-22 05:20:20
662,662,4,201,2025-08-21 23:00:17
663,663,1,242,2025-06-13 23:51:41
664,664,3,34,2025-03-25 09:36:02
665,665,4,444,2025-07-10 15:03:22
666,666,5,92,2025-02-16 00:55:27
667,667,3,437,2025-07-11 00:59:24
668,668,4,446,2025-06-24 07:07:36
669,669,4,206,2025-02-13 18:01:46
670,670,2,352,2025-01-16 15:20:11
671,671,3,390,2025-09-04 20:10:26
672,672,4,331,2025-08-23 05:51:39
673,673,2,304,2025-07-28 04:02:39
674,674,5,349,2025-01-01 10:27:02
675,675,4,212,2025-02-19 10:13:01
676,676,2,158,2025-03-22 10:44:50
677,677,2,441,2025-06-24 09:03:35
678,678,3,444,2025-03-05 06:56:41
679,679,2,23,2025-08-12 02:28:13
680,680,4,403,2025-01-11 15:29:18
681,681,1,292,2025-01-21 07:25:43
682,682,5,3,2025-06-12 18:15:59
683,683,4,219,2025-05-01 09:05:53
684,684,4,363,2025-03-10 14:48:02
685,685,5,381,2025-06-22 09:08:45
686,686,5,19,2025-06-22 17:04:35
687,687,2,443,2025-03-10 15:59:13
688,688,4,151,2025-08-30 08:19:08
689,689,2,49,2025-06-21 05:06:05
690,690,3,176,2025-05-27 17:51:08
691,691,2,434,2025-07-18 19:52:34
692,692,3,95,2025-04-17 08:02:45
693,693,1,104,2025-01-29 12:53:41
694,694,4,419,2025-08-06 01:35:09
695,695,3,249,2025-06-14 01:49:07
696,696,1,116,2025-03-01 02:15:38
697,697,5,353,2025-01-06 15:57:49
698,698,2,227,2025-07-28 13:47:23
699,699,1,65,2025-06-16 14:27:02
700,700,3,334,2025-07-04 02:51:56
701,701,4,417,2025-03-04 14:43:45
702,702,5,419,2025-02-04 19:32:55
703,703,5,261,2025-04-20 07:10:18
704,704,1,294,2025-05-24 02:12:44
705,705,1,425,2025-05-30 00:08:49
706,706,2,242,2025-01-29 07:26:43
707,707,5,370,2025-04-09 01:31:39
708,708,5,185,2025-03-06 06:42:33
709,709,2,245,2025-07-01 22:36:48
710,710,4,124,2025-01-19 01:15:01
711,711,2,267,2025-03-24 21:39:16
712,712,3,130,2025-06-26 18:52:02
713,713,3,236,2025-08-25 03:26:05
714,714,1,17,2025-01-29 02:19:15
715,715,2,39,2025-05-09 19:52:05
716,716,2,20,2025-01-11 21:53:00
717,717,1,398,2025-08-10 05:48:22
718,718,4,224,2025-07-21 21:12:25
719,719,2,354,2025-04-25 16:10:07
720,720,5,281,2025-08-28 08:41:18
721,721,2,7,2025-04-03 06:40:00
722,722,4,99,2025-03-11 05:32:33
723,723,2,239,2025-08-13 16:54:32
724,724,5,477,2025-04-19 07:36:43
725,725,3,86,2025-08-05 17:26:46
726,726,3,297,2025-01-09 08:43:45
727,727,4,427,2025-03-03 23:53:21
728,728,4,13,2025-08-21 06:07:01
729,729,5,333,2025-02-02 05:15:53
730,730,3,1,2025-03-26 05:56:27
731,731,3,374,2025-03-03 02:36:00
732,732,3,292,2025-05-13 23:38:30
733,733,3,324,2025-05-14 05:12:29
734,734,5,421,2025-04-07 06:42:34
735,735,4,492,2025-04-12 20:47:11
736,736,4,40,2025-02-20 22:32:54
737,737,1,317,2025-04-17 12:04:47
738,738,4,315,2025-07-11 03:33:49
739,739,3,380,2025-08-02 07:40:10
740,740,2,110,2025-02-18 19:57:14
741,741,3,13,2025-08-19 00:23:58
742,742,3,230,2025-08-04 04:59:28
743,743,4,472,2025-04-04 02:01:38
744,744,1,83,2025-01-02 08:55:51
745,745,5,129,2025-03-14 13:02:32
746,746,2,230,2025-04-06 08:35:22
747,747,2,325,2025-08-31 19:14:10
748,748,1,144,2025-06-27 11:13:46
749,749,3,378,2025-07-05 09:57:01
750,750,5,344,2025-01-05 03:43:20
751,751,5,27,2025-06-12 11:44:42
752,752,5,65,2025-06-19 16:35:26
753,753,4,162,2025-06-13 00:32:20
754,754,3,228,2025-03-23 07:32:11
755,755,2,260,2025-05-12 09:26:27
756,756,2,448,2025-02-05 22:09:59
757,757,3,423,2025-05-31 18:19:23
758,758,2,459,2025-02-13 16:40:06
759,759,4,439,2025-04-13 09:26:34
760,760,5,163,2025-05-14 02:29:42
761,761,2,300,2025-06-13 19:09:02
762,762,4,406,2025-02-11 06:09:42
763,763,5,302,2025-08-28 10:09:14
764,764,3,286,2025-07-18 06:40:38
765,765,3,394,2025-01-23 23:24:07
766,766,4,9,2025-03-03 09:29:40
767,767,4,194,2025-07-24 15:51:17
768,768,4,117,2025-05-24 18:06:12
769,769,2,269,2025-07-11 00:13:55
770,770,3,79,2025-07-27 12:42:52
771,771,2,457,2025-04-23 09:07:52
772,772,2,92,2025-08-30 13:56:34
773,773,5,265,2025-07-09 18:11:19
774,774,4,331,2025-06-13 21:52:23
775,775,2,349,2025-08-06 02:32:39
776,776,5,360,2025-07-09 11:42:02
777,777,1,256,2025-07-25 10:55:48
778,778,5,132,2025-04-14 00:02:34
779,779,1,275,2025-03-07 21:12:08
780,780,1,263,2025-07-02 17:12:06
781,781,1,170,2025-02-18 22:04:05
782,782,1,459,2025-05-11 04:04:33
783,783,4,0,2025-02-10 00:43:08
784,784,2,312,2025-05-16 06:15:19
785,785,2,63,2025-06-08 10:51:53
786,786,1,373,2025-09-01 15:11:08
787,787,2,467,2025-08-23 10:40:09
788,788,1,283,2025-02-21 03:24:22
789,789,2,120,2025-05-20 10:12:42
790,790,5,106,2025-04-14 22:50:55
791,791,4,420,2025-06-06 17:11:41
792,792,3,174,2025-05-18 21:44:20
793,793,1,484,2025-05-20 05:16:29
794,794,5,203,2025-06-19 13:05:59
795,795,5,164,2025-06-11 05:11:28
796,796,4,304,2025-05-16 01:35:13
797,797,4,496,2025-02-06 15:49:02
798,798,1,119,2025-08-27 14:37:03
799,799,1,43,2025-09-01 03:43:36
800,800,5,311,2025-07-29 09:57:36
801,801,5,155,2025-07-07 18:38:49
802,802,4,366,2025-01-25 01:47:10
803,803,1,206,2025-09-02 13:05:08
804,804,1,389,2025-03-27 19:31:37
805,805,5,107,2025-01-21 15:38:17
806,806,3,250,2025-02-23 10:40:32
807,807,5,444,2025-07-10 08:29:17
808,808,3,403,2025-01-24 07:58:23
809,809,1,369,2025-04-21 06:23:53
810,810,5,333,2025-06-07 02:07:25
811,811,4,129,2025-07-11 11:13:45
812,812,2,456,2025-02-05 17:44:30
813,813,1,292,2025-02-16 23:01:18
814,814,1,19,2025-02-09 02:04:50
815,815,5,281,2025-04-22 19:22:59
816,816,2,284,2025-07-28 03:30:27
817,817,2,0,2025-01-27 13:52:48
818,818,2,118,2025-07-04 00:49:32
819,819,5,34,2025-07-23 04:15:37
820,820,5,197,2025-05-31 15:18:21
821,821,3,484,2025-04-05 00:28:33
822,822,3,244,2025-09-05 10:36:02
823,823,3,58,2025-06-15 23:43:12
824,824,4,324,2025-06-19 07:14:00
825,825,1,160,2025-07-22 17:43:25
826,826,3,496,2025-05-12 16:39:16
827,827,4,178,2025-03-13 11:12:18
828,828,4,205,2025-08-31 07:35:13
829,829,5,11,2025-07-03 17:49:31
830,830,2,489,2025-01-10 12:31:12
831,831,2,275,2025-09-07 04:04:08
832,832,3,180,2025-01-08 07:09:19
833,833,1,241,2025-03-08 22:37:38
834,834,1,215,2025-01-29 12:35:54
835,835,1,250,2025-04-04 19:34:06
836,836,4,298,2025-07-03 09:10:28
837,837,4,125,2025-01-14 06:55:04
838,838,4,481,2025-04-16 09:43:56
839,839,5,216,2025-05-12 06:20:57
840,840,4,305,2025-01-31 12:10:57
841,841,1,284,2025-05-08 04:36:30
842,842,1,184,2025-06-05 12:01:51
843,843,2,38,2025-02-05 03:57:17
844,844,1,222,2025-06-29 21:21:54
845,845,4,183,2025-03-20 19:46:42
846,846,4,494,2025-06-07 03:22:32
847,847,3,426,2025-02-22 21:41:49
848,848,5,177,2025-03-14 18:54:48
849,849,1,406,2025-08-05 21:50:48
850,850,5,427,2025-05-02 16:33:55
851,851,1,293,2025-07-22 06:40:37
852,852,2,339,2025-01-07 07:31:50
853,853,2,150,2025-06-21 06:19:42
854,854,5,383,2025-03-06 00:39:13
855,855,4,125,2025-07-29 11:16:26
856,856,3,300,2025-08-08 05:16:27
857,857,1,307,2025-08-15 22:20:46
858,858,1,335,2025-01-07 10:17:34
859,859,3,433,2025-07-24 08:16:57
860,860,5,233,2025-08-22 10:32:10
861,861,5,379,2025-06-09 04:07:16
862,862,1,374,2025-08-16 00:53:14
863,863,2,7,2025-06-10 11:47:11
864,864,3,497,2025-05-03 03:44:48
865,865,1,340,2025-08-22 17:05:16
866,866,2,128,2025-05-05 08:01:10
867,867,5,263,2025-05-21 03:21:44
868,868,2,156,2025-04-08 11:33:30
869,869,4,351,2025-05-01 16:21:11
870,870,1,357,2025-02-04 21:42:42
871,871,3,4,2025-01-01 23:34:48
872,872,2,494,2025-08-10 15:36:14
873,873,5,85,2025-02-22 18:55:39
874,874,2,174,2025-08-11 08:16:39
875,875,5,289,2025-05-16 13:04:42
876,876,4,192,2025-07-01 12:16:12
877,877,5,310,2025-08-22 08:04:49
878,878,3,118,2025-04-28 12:55:48
879,879,4,217,2025-08-26 02:02:45
880,880,2,426,2025-07-27 04:41:26
881,881,1,457,2025-06-10 23:55:45
882,882,5,413,2025-02-02 19:10:39
883,883,3,113,2025-06-24 18:39:14
884,884,1,465,2025-03-27 15:32:23
885,885,1,144,2025-08-24 17:24:09
886,886,4,25,2025-01-05 09:46:30
887,887,2,135,2025-03-08 13:18:22
888,888,1,302,2025-01-17 23:22:01
889,889,3,231,2025-08-31 01:55:27
890,890,5,368,2025-03-19 12:49:22
891,891,5,75,2025-07-09 09:08:26
892,892,5,474,2025-04-12 20:39:43
893,893,4,327,2025-01-23 08:24:15
894,894,3,344,2025-08-27 23:18:19
895,895,1,301,2025-03-18 16:16:43
896,896,3,451,2025-05-13 04:36:47
897,897,4,288,2025-02-26 12:17:33
898,898,4,0,2025-04-04 21:12:49
899,899,2,146,2025-01-26 04:48:56
900,900,3,286,2025-07-26 18:30:08
901,901,5,463,2025-07-13 12:29:49
902,902,4,141,2025-05-14 01:40:23
903,903,4,52,2025-07-09 02:29:48
904,904,2,303,2025-01-31 19:38:23
905,905,5,68,2025-06-02 11:23:01
906,906,4,360,2025-01-15 22:25:50
907,907,1,89,2025-07-04 01:56:45
908,908,5,445,2025-06-10 03:13:39
909,909,3,219,2025-04-19 17:16:33
910,910,2,449,2025-03-06 08:59:23
911,911,1,497,2025-03-18 09:29:34
912,912,1,191,2025-05-15 23:49:24
913,913,3,453,2025-03-06 12:58:28
914,914,2,62,2025-02-26 09:50:44
915,915,4,72,2025-02-02 07:52:21
916,916,2,160,2025-01-14 09:05:19
917,917,4,168,2025-08-12 15:19:02
918,918,3,88,2025-05-30 17:21:01
919,919,3,175,2025-05-30 06:45:15
920,920,1,268,2025-07-17 18:01:28
921,921,1,72,2025-01-09 07:59:14
922,922,1,244,2025-03-01 10:04:34
923,923,3,76,2025-07-01 20:47:38
924,924,4,158,2025-05-02 03:43:06
925,925,3,488,2025-01-21 00:53:05
926,926,3,458,2025-05-26 19:58:12
927,927,1,323,2025-01-08 15:00:20
928,928,2,97,2025-09-02 20:08:14
929,929,1,380,2025-06-15 19:58:34
930,930,2,101,2025-08-22 02:28:14
931,931,4,493,2025-07-12 07:30:26
932,932,4,131,2025-05-20 15:36:59
933,933,5,101,2025-07-06 15:31:39
934,934,5,18,2025-07-24 20:24:41
935,935,5,453,2025-03-21 21:38:15
936,936,4,481,2025-07-16 22:00:44
937,937,1,81,2025-07-05 06:14:36
938,938,1,396,2025-09-05 16:01:09
939,939,1,488,2025-01-20 19:55:27
940,940,3,278,2025-04-09 23:30:24
941,941,5,338,2025-04-17 17:10:51
942,942,1,364,2025-06-11 08:42:22
943,943,5,330,2025-04-02 04:58:58
944,944,5,128,2025-04-28 09:09:35
945,945,3,343,2025-05-15 16:44:14
946,946,4,309,2025-06-11 17:08:06
947,947,1,454,2025-07-15 04:47:55
948,948,3,88,2025-07-06 10:49:14
949,949,4,212,2025-01-26 17:05:26
950,950,4,142,2025-03-31 16:23:08
951,951,1,64,2025-04-21 04:47:05
952,952,5,75,2025-05-17 22:12:06
953,953,2,198,2025-04-28 11:26:58
954,954,5,142,2025-01-15 02:42:16
955,955,5,404,2025-04-24 20:22:45
956,956,2,402,2025-02-08 11:43:32
957,957,4,315,2025-07-03 10:26:22
958,958,2,92,2025-04-16 10:35:53
959,959,2,472,2025-03-14 22:37:25
960,960,3,416,2025-01-20 08:45:46
961,961,3,304,2025-05-16 19:28:06
962,962,3,223,2025-03-10 17:25:45
963,963,4,496,2025-06-02 02:07:03
964,964,2,290,2025-02-25 11:49:04
965,965,1,427,2025-04-03 20:36:18
966,966,2,101,2025-02-02 05:44:59
967,967,4,473,2025-04-01 01:06:46
968,968,3,266,2025-04-13 12:24:45
969,969,4,354,2025-07-15 18:23:39
970,970,3,455,2025-02-16 13:06:05
971,971,4,109,2025-03-23 13:44:16
972,972,1,461,2025-08-06 16:09:29
973,973,3,329,2025-06-07 21:53:41
974,974,3,449,2025-03-01 20:43:07
975,975,2,429,2025-05-25 06:42:59
976,976,4,264,2025-03-26 10:31:16
977,977,5,2,2025-01-08 04:54:23
978,978,5,84,2025-05-28 07:51:01
979,979,2,281,2025-02-26 21:59:38
980,980,4,327,2025-01-29 02:10:56
981,981,1,303,2025-07-12 11:53:51
982,982,2,449,2025-07-24 01:25:07
983,983,3,453,2025-07-15 20:09:36
984,984,1,411,2025-08-13 10:57:36
985,985,4,116,2025-06-22 19:26:00
986,986,3,220,2025-01-07 01:05:46
987,987,5,153,2025-07-02 12:41:33
988,988,4,152,2025-03-26 05:16:17
989,989,3,11,2025-04-22 18:15:41
990,990,4,132,2025-06-21 13:23:15
991,991,3,481,2025-02-11 14:56:08
992,992,4,303,2025-04-09 00:42:00
993,993,5,292,2025-02-06 17:36:47
994,994,2,462,2025-06-19 12:03:05
995,995,3,299,2025-01-27 02:18:18
996,996,3,227,2025-03-24 23:59:08
997,997,5,270,2025-01-04 09:53:57
998,998,2,42,2025-02-24 23:04:52
999,999,4,431,2025-01-05 08:31:07
1000,1000,3,342,2025-09-04 04:27:24
