order_id,user_id,order_date,total_amount
1,115,2025-01-26 14:22:31,1629.71
2,77,2025-03-12 15:34:43,1441.88
3,143,2025-06-13 23:38:41,1911.94
4,312,2025-08-31 06:24:05,56.1
5,399,2025-04-06 19:10:51,407.64
6,374,2025-07-12 02:06:23,34.97
7,405,2025-08-15 09:13:33,1302.0
8,62,2025-05-18 03:12:08,1798.1
9,333,2025-07-16 02:52:38,502.09
10,101,2025-05-05 12:42:23,1855.53
11,183,2025-03-18 02:50:06,139.33
12,256,2025-04-26 10:18:19,1870.18
13,236,2025-04-29 02:09:30,716.21
14,292,2025-04-07 07:42:35,220.81
15,468,2025-03-18 03:02:49,982.03
16,327,2025-04-26 20:31:50,528.42
17,465,2025-02-20 08:28:12,584.05
18,7,2025-06-27 09:33:04,628.43
19,431,2025-02-22 21:02:02,1609.99
20,383,2025-04-04 23:49:24,1087.54
21,434,2025-08-15 18:39:56,636.39
22,420,2025-07-06 03:08:20,1228.46
23,401,2025-08-29 13:56:06,1437.98
24,404,2025-02-28 20:06:06,559.8
25,269,2025-04-15 09:32:52,838.83
26,460,2025-07-09 19:37:33,261.33
27,117,2025-01-10 11:28:20,378.68
28,380,2025-06-05 15:14:40,1368.61
29,104,2025-02-13 12:09:18,379.25
30,187,2025-04-24 13:24:53,1059.82
31,341,2025-06-01 00:55:02,1423.91
32,17,2025-04-02 10:12:27,231.62
33,205,2025-04-05 07:15:12,1143.28
34,321,2025-04-19 16:51:40,527.99
35,51,2025-06-19 18:02:59,1926.6
36,488,2025-01-01 15:42:08,977.42
37,169,2025-08-27 01:58:14,1615.87
38,260,2025-01-23 21:14:31,1109.45
39,35,2025-01-01 04:34:46,105.96
40,139,2025-07-20 08:34:05,1273.64
41,284,2025-03-07 17:18:49,1903.78
42,493,2025-06-26 09:09:03,1211.19
43,274,2025-01-02 14:19:31,1641.99
44,434,2025-02-18 18:44:16,1770.73
45,380,2025-02-13 15:35:08,471.6
46,276,2025-02-18 08:46:34,439.85
47,447,2025-07-14 17:12:51,1229.74
48,41,2025-08-09 00:43:30,833.84
49,497,2025-08-29 00:32:37,1682.93
50,409,2025-01-04 01:05:21,1802.05
51,29,2025-02-13 16:21:18,719.77
52,229,2025-04-30 11:09:45,489.0
53,291,2025-07-22 22:18:16,1565.44
54,268,2025-01-12 03:24:09,564.12
55,127,2025-08-24 22:33:23,1648.78
56,126,2025-01-25 06:04:51,859.0
57,132,2025-03-23 04:04:20,1341.75
58,409,2025-05-15 09:31:33,209.16
59,379,2025-05-11 08:04:24,1255.24
60,94,2025-07-25 10:29:15,914.5
61,354,2025-01-08 13:24:15,1181.48
62,480,2025-01-17 05:15:28,352.67
63,334,2025-01-01 05:46:04,1479.01
64,440,2025-09-01 23:35:11,1728.34
65,126,2025-03-16 02:32:22,449.14
66,117,2025-04-16 17:01:57,209.51
67,354,2025-07-19 03:23:23,66.8
68,368,2025-03-01 07:24:32,1291.1
69,234,2025-01-13 00:41:52,1222.05
70,91,2025-07-20 10:00:52,1102.46
71,21,2025-03-13 17:04:41,479.26
72,312,2025-03-12 16:15:14,793.99
73,137,2025-02-27 11:16:48,1197.06
74,283,2025-07-13 14:26:49,1003.6
75,143,2025-07-14 14:23:35,1975.82
76,47,2025-06-21 00:38:08,290.15
77,381,2025-06-11 20:22:03,1396.39
78,98,2025-06-22 22:20:27,820.55
79,376,2025-05-26 10:50:20,867.84
80,426,2025-06-10 00:53:08,1440.84
81,470,2025-02-17 21:30:39,1391.02
82,33,2025-03-01 10:43:18,1982.69
83,464,2025-07-10 09:00:41,274.22
84,463,2025-06-04 22:23:10,226.14
85,68,2025-03-11 20:25:14,1454.19
86,268,2025-03-10 18:38:11,1165.21
87,156,2025-05-26 00:35:41,562.84
88,32,2025-01-31 18:32:24,177.25
89,107,2025-04-05 07:29:28,189.6
90,117,2025-03-16 10:36:30,1790.5
91,125,2025-07-31 13:41:50,399.9
92,300,2025-02-15 22:34:17,660.28
93,390,2025-06-13 10:11:39,468.78
94,298,2025-08-20 17:04:24,722.89
95,245,2025-06-11 12:28:23,157.46
96,238,2025-03-28 20:46:04,1047.74
97,51,2025-03-22 23:19:12,153.87
98,275,2025-08-24 10:34:38,1604.71
99,452,2025-07-23 14:33:05,482.75
100,401,2025-08-19 16:31:44,1089.22
101,27,2025-01-02 01:58:39,1762.56
102,164,2025-03-19 12:48:43,1308.74
103,405,2025-05-27 19:00:03,1075.26
104,325,2025-07-25 17:00:45,662.18
105,38,2025-04-19 12:35:51,679.34
106,101,2025-05-21 05:49:17,1345.58
107,245,2025-05-07 06:06:58,1988.4
108,60,2025-08-16 02:25:47,1330.44
109,227,2025-05-14 20:10:33,1124.41
110,43,2025-02-03 22:52:13,1466.69
111,244,2025-02-20 01:05:35,941.11
112,102,2025-01-15 19:16:21,139.08
113,52,2025-02-05 22:26:56,1133.35
114,278,2025-08-20 19:02:56,1916.1
115,302,2025-02-26 22:30:12,367.1
116,111,2025-06-02 23:30:49,1386.21
117,307,2025-06-10 04:53:03,417.85
118,250,2025-07-28 21:23:07,1080.94
119,154,2025-02-26 21:30:47,211.42
120,292,2025-07-21 10:38:29,911.73
121,5,2025-02-14 14:39:44,1517.2
122,298,2025-07-30 20:44:25,708.19
123,221,2025-05-15 14:38:11,1336.53
124,441,2025-06-22 07:58:48,1594.99
125,464,2025-06-23 11:36:06,1855.81
126,58,2025-07-26 19:15:25,484.59
127,369,2025-02-19 10:00:45,810.65
128,454,2025-03-05 21:42:30,321.78
129,227,2025-01-04 14:12:49,1985.12
130,399,2025-08-16 08:34:13,1855.46
131,330,2025-03-03 13:48:34,1089.12
132,100,2025-05-24 21:28:15,1687.23
133,302,2025-03-23 02:27:03,1051.5
134,413,2025-02-03 05:23:41,1254.7
135,326,2025-08-09 07:48:52,196.47
136,315,2025-03-24 00:22:08,1515.44
137,387,2025-04-18 10:37:25,272.87
138,234,2025-04-30 04:56:54,1655.61
139,1,2025-05-14 18:12:05,1568.42
140,129,2025-04-18 20:40:22,1423.31
141,387,2025-08-29 14:16:54,91.6
142,209,2025-03-26 09:47:24,620.19
143,308,2025-03-17 15:12:08,540.96
144,139,2025-05-16 23:53:52,733.07
145,253,2025-06-01 04:37:54,193.53
146,324,2025-02-08 13:04:01,1875.18
147,91,2025-03-27 18:03:36,1116.53
148,169,2025-01-17 04:27:20,624.94
149,260,2025-04-25 09:08:28,806.02
150,248,2025-01-18 17:15:29,905.46
151,264,2025-04-29 06:43:44,1209.18
152,146,2025-04-23 01:09:07,1041.05
153,488,2025-01-03 02:58:28,1840.4
154,331,2025-06-03 02:35:21,1003.99
155,154,2025-05-30 07:09:37,1984.47
156,136,2025-02-09 17:57:39,1705.82
157,445,2025-04-10 10:56:17,432.85
158,273,2025-02-02 19:50:47,1862.58
159,128,2025-02-27 11:01:56,250.41
160,175,2025-07-16 17:35:53,1638.55
161,141,2025-04-04 09:20:01,773.63
162,348,2025-03-21 04:20:06,1758.39
163,288,2025-04-14 18:37:05,1738.75
164,258,2025-05-15 18:28:23,1615.73
165,159,2025-03-27 23:51:31,1584.26
166,321,2025-01-24 03:57:00,623.26
167,226,2025-07-02 02:04:45,180.22
168,58,2025-08-26 16:10:24,817.9
169,388,2025-08-12 19:10:25,363.58
170,485,2025-08-15 09:40:25,1396.0
171,94,2025-03-30 22:27:16,705.28
172,250,2025-07-30 17:33:16,1951.71
173,4,2025-04-22 11:50:28,1289.12
174,164,2025-03-06 22:26:08,1648.51
175,458,2025-02-23 21:10:18,282.4
176,499,2025-02-19 20:36:48,1726.79
177,261,2025-01-09 17:56:01,1847.06
178,241,2025-05-11 06:19:31,984.38
179,254,2025-04-13 21:02:28,1220.38
180,84,2025-06-26 20:48:33,1534.32
181,92,2025-02-07 09:06:04,366.18
182,34,2025-06-22 10:49:24,1015.08
183,390,2025-05-25 04:26:51,809.35
184,222,2025-05-13 04:25:54,309.82
185,345,2025-03-26 12:17:27,747.72
186,156,2025-08-09 00:19:11,154.98
187,49,2025-03-01 07:55:10,71.11
188,474,2025-01-02 19:33:52,287.63
189,442,2025-04-18 02:05:49,1926.97
190,227,2025-08-23 06:46:15,1108.07
191,176,2025-03-10 07:35:08,1932.33
192,327,2025-04-03 18:50:30,876.35
193,352,2025-06-30 09:44:33,637.4
194,276,2025-02-16 10:39:33,1022.16
195,422,2025-09-07 03:17:57,890.23
196,94,2025-01-11 12:47:38,229.22
197,100,2025-01-27 17:14:26,1288.84
198,399,2025-04-07 19:10:29,447.76
199,56,2025-08-22 07:35:11,1246.78
200,391,2025-06-09 07:28:35,1307.4
201,119,2025-06-13 13:40:09,321.01
202,110,2025-04-14 02:32:15,141.47
203,158,2025-01-05 02:29:53,1565.91
204,257,2025-02-01 04:36:50,930.4
205,157,2025-03-16 07:40:12,135.16
206,164,2025-01-02 12:35:45,1989.84
207,393,2025-04-12 15:18:43,134.41
208,272,2025-03-30 09:15:19,1396.17
209,242,2025-05-23 15:55:39,1967.68
210,53,2025-03-10 16:20:16,493.58
211,351,2025-06-17 16:17:07,301.65
212,154,2025-02-17 13:12:37,260.34
213,475,2025-06-17 18:15:44,620.48
214,313,2025-06-22 12:07:00,220.07
215,108,2025-06-14 14:58:48,1390.48
216,293,2025-08-12 13:28:27,143.34
217,345,2025-02-21 22:34:01,1028.66
218,80,2025-07-15 22:42:56,1993.46
219,166,2025-05-28 21:13:19,1631.66
220,81,2025-07-18 16:25:51,1238.13
221,99,2025-07-23 09:03:35,626.38
222,393,2025-03-31 12:43:54,1255.31
223,203,2025-05-13 16:55:07,1063.54
224,403,2025-02-05 08:47:31,863.65
225,88,2025-08-06 12:27:47,278.81
226,437,2025-05-24 10:34:27,1775.48
227,81,2025-02-24 14:10:43,910.57
228,313,2025-06-06 23:12:43,405.35
229,340,2025-01-03 08:52:07,748.16
230,81,2025-01-04 05:59:16,839.98
231,167,2025-08-27 21:29:50,1658.53
232,490,2025-01-18 15:29:06,1472.56
233,265,2025-08-18 18:31:58,1543.22
234,243,2025-02-12 06:47:59,41.84
235,335,2025-02-02 09:11:19,843.98
236,305,2025-06-10 10:00:34,973.06
237,404,2025-08-09 06:39:17,58.0
238,214,2025-06-28 18:35:26,534.43
239,400,2025-01-01 20:50:46,1525.37
240,372,2025-02-17 23:12:29,291.48
241,138,2025-05-24 19:32:44,1079.91
242,118,2025-02-17 19:37:57,446.1
243,478,2025-08-14 16:13:54,44.0
244,135,2025-08-22 23:01:58,497.58
245,242,2025-08-04 14:05:33,1952.23
246,479,2025-07-01 20:50:48,1607.04
247,439,2025-01-08 20:28:39,1919.96
248,428,2025-05-18 13:44:30,985.95
249,156,2025-04-08 08:14:34,237.28
250,190,2025-08-08 21:03:19,1104.96
251,75,2025-04-07 14:34:05,919.67
252,157,2025-08-26 19:43:03,1691.83
253,171,2025-06-15 09:22:11,214.2
254,373,2025-03-09 18:52:13,986.72
255,182,2025-06-13 19:48:02,317.1
256,425,2025-01-11 23:28:05,662.86
257,382,2025-06-06 14:31:17,1479.97
258,162,2025-07-01 04:18:17,962.52
259,231,2025-03-11 17:02:24,764.26
260,158,2025-01-13 01:14:27,801.06
261,218,2025-06-15 19:30:05,929.7
262,289,2025-07-15 21:42:46,1574.33
263,202,2025-01-28 03:38:13,1786.33
264,391,2025-08-24 11:27:39,1911.56
265,214,2025-08-17 16:38:13,1578.07
266,3,2025-07-20 19:40:56,644.51
267,391,2025-06-26 15:13:18,1382.51
268,482,2025-07-31 00:49:49,886.45
269,207,2025-06-01 23:26:17,524.25
270,29,2025-06-12 23:30:35,1684.93
271,496,2025-02-06 02:35:31,96.08
272,210,2025-06-23 16:40:46,1805.49
273,182,2025-04-05 00:54:31,933.73
274,331,2025-02-04 15:43:13,1281.66
275,413,2025-06-04 17:00:08,1325.52
276,72,2025-07-19 13:28:54,1792.33
277,500,2025-01-06 22:14:40,1280.61
278,234,2025-07-16 13:24:04,1235.59
279,393,2025-06-30 09:29:43,151.97
280,141,2025-03-06 15:39:57,1046.45
281,10,2025-04-13 00:29:15,317.33
282,420,2025-06-28 13:22:57,1480.12
283,361,2025-02-16 04:39:27,1034.2
284,104,2025-01-04 22:06:26,1366.85
285,107,2025-07-28 07:15:54,102.51
286,339,2025-09-04 11:17:34,187.89
287,367,2025-09-01 01:26:09,1438.32
288,132,2025-02-22 03:29:22,162.73
289,151,2025-04-27 01:26:12,161.09
290,427,2025-05-15 14:21:27,43.97
291,192,2025-07-10 15:34:54,1913.87
292,13,2025-01-14 13:50:58,1480.27
293,165,2025-01-16 04:29:46,719.44
294,219,2025-06-29 10:38:24,607.14
295,405,2025-06-08 14:45:06,712.41
296,196,2025-03-25 22:32:25,1553.81
297,167,2025-05-25 06:58:41,1329.51
298,286,2025-02-16 11:00:13,386.69
299,287,2025-08-29 14:12:56,364.74
300,379,2025-01-05 12:14:47,214.82
301,103,2025-03-07 05:28:33,1327.4
302,409,2025-01-18 00:44:19,1533.46
303,111,2025-01-26 18:00:51,544.79
304,317,2025-05-29 04:17:38,61.47
305,258,2025-08-25 08:09:44,182.7
306,226,2025-04-30 22:20:35,1936.36
307,439,2025-01-23 02:25:51,604.98
308,141,2025-07-01 08:25:55,1543.06
309,55,2025-04-13 22:25:59,1256.83
310,39,2025-01-31 12:43:46,776.24
311,125,2025-03-23 08:45:13,427.26
312,83,2025-05-05 05:03:37,260.35
313,167,2025-02-11 14:11:03,1237.73
314,371,2025-02-18 06:51:54,1553.77
315,246,2025-01-13 05:49:14,1294.93
316,483,2025-05-13 21:31:44,1070.0
317,370,2025-06-30 16:58:49,103.06
318,304,2025-07-16 05:22:22,1937.61
319,241,2025-03-20 07:24:37,1601.45
320,488,2025-03-19 14:22:41,599.79
321,498,2025-05-19 13:57:02,1960.34
322,485,2025-01-09 23:30:49,1211.73
323,24,2025-01-09 12:57:44,1173.2
324,400,2025-01-24 15:49:54,1501.18
325,338,2025-06-16 13:56:16,1627.3
326,200,2025-07-07 22:48:02,1319.83
327,353,2025-03-23 15:36:30,273.63
328,492,2025-03-22 23:53:45,689.77
329,466,2025-02-07 18:31:10,1857.61
330,362,2025-05-26 11:56:56,464.74
331,250,2025-03-14 02:50:19,756.89
332,128,2025-06-15 15:37:13,875.51
333,144,2025-07-07 01:16:44,890.02
334,311,2025-06-02 20:08:40,1233.62
335,301,2025-09-06 10:50:03,1887.29
336,193,2025-01-26 10:26:08,496.57
337,31,2025-01-12 06:29:48,260.57
338,52,2025-01-24 18:31:58,410.99
339,29,2025-01-27 17:01:59,1776.11
340,328,2025-05-05 08:40:07,1298.71
341,176,2025-07-25 20:08:56,586.1
342,142,2025-05-01 08:25:03,1635.57
343,276,2025-02-10 15:47:26,1725.51
344,190,2025-01-12 14:40:11,1696.1
345,225,2025-03-06 09:18:30,1839.47
346,473,2025-08-01 22:20:52,519.44
347,146,2025-04-14 13:11:18,1514.98
348,57,2025-01-25 19:33:51,931.87
349,242,2025-07-28 00:20:16,1687.16
350,69,2025-07-12 06:55:08,1462.41
351,451,2025-01-27 15:32:21,1557.37
352,384,2025-05-16 01:49:23,1319.2
353,38,2025-05-13 15:17:59,371.31
354,167,2025-06-21 07:32:43,1099.15
355,397,2025-01-21 20:26:28,1969.65
356,376,2025-08-30 01:04:28,1876.03
357,212,2025-07-13 18:16:27,105.48
358,423,2025-01-14 18:50:04,346.33
359,78,2025-04-18 09:39:53,280.82
360,448,2025-03-05 21:45:29,1457.44
361,78,2025-04-20 06:46:17,1639.21
362,302,2025-02-25 19:44:23,442.75
363,154,2025-05-26 19:31:12,1021.59
364,294,2025-03-28 06:39:30,1684.59
365,103,2025-04-25 18:59:37,1470.95
366,288,2025-06-30 09:27:45,1093.63
367,46,2025-04-27 04:22:01,1188.89
368,225,2025-01-30 08:30:43,1026.55
369,126,2025-05-04 18:11:41,609.15
370,168,2025-04-27 00:33:09,1138.74
371,294,2025-05-05 08:38:56,1383.99
372,280,2025-06-23 23:09:49,1749.18
373,391,2025-01-26 19:35:31,1279.86
374,339,2025-08-23 16:45:03,1527.02
375,134,2025-06-19 06:11:29,336.94
376,286,2025-08-29 22:19:03,933.88
377,272,2025-01-02 20:48:08,38.48
378,419,2025-01-01 01:53:24,508.42
379,150,2025-01-25 01:17:41,1458.39
380,354,2025-07-21 13:57:46,1983.78
381,12,2025-05-26 21:10:48,216.37
382,72,2025-03-05 14:07:10,814.96
383,396,2025-02-22 02:15:07,1604.14
384,395,2025-05-25 14:27:58,423.99
385,35,2025-03-01 11:06:32,1119.07
386,446,2025-06-08 02:44:26,1471.48
387,403,2025-06-12 00:16:50,1239.65
388,359,2025-02-12 17:33:44,392.29
389,365,2025-06-18 09:15:52,723.66
390,379,2025-03-29 02:00:05,1571.91
391,161,2025-04-04 04:53:25,1117.37
392,491,2025-01-20 23:53:19,30.35
393,437,2025-06-03 00:09:14,1526.76
394,185,2025-04-20 05:05:07,89.92
395,464,2025-06-28 21:28:53,1496.55
396,396,2025-04-21 02:31:22,420.91
397,229,2025-06-06 14:54:58,1916.99
398,383,2025-05-12 14:37:18,748.52
399,453,2025-04-26 17:16:23,667.32
400,110,2025-05-03 04:49:49,314.8
401,95,2025-03-01 03:10:10,625.1
402,165,2025-03-24 20:46:17,1755.77
403,240,2025-03-16 08:14:47,1992.74
404,117,2025-05-23 05:50:25,749.25
405,236,2025-07-29 00:36:56,908.25
406,186,2025-07-17 09:26:23,1449.7
407,171,2025-05-03 08:10:48,1774.67
408,102,2025-01-28 05:15:09,1194.23
409,347,2025-07-20 08:06:49,795.22
410,498,2025-04-24 11:49:21,836.99
411,361,2025-04-27 19:33:24,1397.32
412,133,2025-07-21 20:46:49,26.37
413,131,2025-05-12 01:20:20,1246.79
414,310,2025-02-05 21:00:27,723.88
415,383,2025-02-16 07:41:37,1592.51
416,478,2025-05-13 06:38:15,204.12
417,12,2025-05-02 13:59:46,1184.64
418,72,2025-07-14 04:45:46,972.33
419,62,2025-01-11 21:32:38,1291.8
420,329,2025-01-31 02:48:23,148.41
421,211,2025-01-10 22:15:49,1168.37
422,219,2025-01-09 09:32:22,1131.74
423,203,2025-07-05 11:45:36,1130.11
424,413,2025-01-03 16:45:52,1214.91
425,250,2025-09-05 14:03:50,1359.41
426,409,2025-03-19 13:08:44,1613.88
427,25,2025-01-09 09:58:15,554.25
428,426,2025-04-07 00:04:42,1653.6
429,271,2025-04-11 16:26:19,1006.55
430,31,2025-04-15 16:25:43,172.58
431,468,2025-04-21 22:13:36,135.93
432,263,2025-01-17 21:58:43,681.79
433,192,2025-06-11 01:37:01,1574.1
434,9,2025-05-04 07:49:45,1421.21
435,290,2025-07-17 18:17:17,1581.46
436,224,2025-01-01 04:03:35,1044.19
437,17,2025-05-21 18:02:10,891.59
438,492,2025-04-05 16:41:44,311.96
439,259,2025-06-20 12:22:11,669.82
440,448,2025-06-10 16:35:46,879.36
441,409,2025-02-26 04:20:26,195.43
442,168,2025-05-14 20:07:56,456.81
443,405,2025-01-27 03:02:39,1204.49
444,276,2025-05-08 13:57:06,1476.61
445,252,2025-01-02 04:23:04,1996.73
446,145,2025-01-27 21:04:58,1867.56
447,295,2025-07-25 02:28:02,1292.28
448,171,2025-08-17 15:57:13,854.07
449,325,2025-05-11 16:55:57,1279.63
450,35,2025-01-29 20:20:17,1575.59
451,377,2025-04-28 20:14:17,254.31
452,39,2025-08-24 01:51:27,831.61
453,290,2025-06-23 14:11:54,1682.81
454,48,2025-01-19 01:31:55,779.99
455,499,2025-03-04 01:52:06,1152.31
456,286,2025-03-05 12:02:33,1183.78
457,400,2025-08-25 14:37:48,385.26
458,58,2025-07-01 00:36:49,737.23
459,273,2025-07-27 00:49:42,682.33
460,82,2025-07-24 23:11:06,71.87
461,409,2025-07-30 06:48:01,67.9
462,263,2025-02-25 15:24:48,1666.76
463,434,2025-07-02 12:15:21,560.68
464,436,2025-01-03 02:57:25,1045.8
465,45,2025-05-30 05:51:58,611.48
466,294,2025-01-02 20:44:56,1882.54
467,473,2025-04-03 23:47:36,533.41
468,240,2025-06-30 07:03:03,870.72
469,313,2025-04-17 11:02:41,1748.01
470,333,2025-07-05 08:11:43,1687.03
471,98,2025-03-20 06:23:21,388.48
472,385,2025-01-20 23:22:35,1609.23
473,38,2025-05-07 09:44:19,927.21
474,393,2025-01-16 23:46:11,976.28
475,351,2025-03-30 13:52:32,284.29
476,221,2025-07-15 12:50:22,179.59
477,419,2025-04-07 02:48:06,1461.32
478,142,2025-06-11 04:15:46,1002.99
479,239,2025-02-17 12:21:18,884.96
480,232,2025-06-13 17:47:58,1464.43
481,456,2025-06-17 12:19:55,1535.72
482,451,2025-07-18 04:50:48,334.64
483,379,2025-06-17 16:20:26,1228.25
484,78,2025-01-03 20:25:00,288.0
485,334,2025-01-02 11:02:05,1507.72
486,170,2025-02-21 09:07:20,1320.77
487,38,2025-08-15 21:16:24,1914.1
488,94,2025-08-27 04:24:09,156.54
489,332,2025-07-02 03:15:05,132.97
490,295,2025-08-19 02:41:29,578.73
491,174,2025-03-10 07:02:53,538.18
492,233,2025-06-28 23:02:21,509.02
493,271,2025-01-23 22:24:11,1814.38
494,400,2025-01-20 23:02:46,514.1
495,355,2025-07-06 19:24:25,558.46
496,379,2025-03-16 12:35:23,1523.61
497,420,2025-07-16 21:36:39,910.48
498,486,2025-07-17 20:29:24,1557.89
499,222,2025-08-19 19:34:27,149.42
500,456,2025-07-17 21:03:33,985.39
501,11,2025-06-05 06:03:34,86.55
502,206,2025-06-13 08:50:13,144.05
503,295,2025-05-10 12:06:22,1814.75
504,151,2025-08-06 08:24:35,295.71
505,4,2025-03-13 17:23:06,1074.19
506,320,2025-05-10 14:10:47,833.97
507,425,2025-08-30 11:32:13,707.74
508,200,2025-01-27 02:58:10,1801.67
509,10,2025-08-29 20:36:27,63.21
510,5,2025-03-28 10:18:46,1334.3
511,116,2025-02-04 04:02:51,1927.52
512,166,2025-05-21 15:55:25,1129.13
513,219,2025-05-11 07:18:03,1874.91
514,78,2025-09-05 07:58:20,123.47
515,133,2025-07-28 09:04:01,849.21
516,439,2025-03-12 16:08:27,535.11
517,115,2025-03-12 10:39:52,1467.03
518,300,2025-01-29 16:48:37,1962.97
519,346,2025-02-18 17:51:16,527.93
520,394,2025-05-08 22:44:06,1315.27
521,168,2025-03-06 09:42:06,412.23
522,273,2025-06-02 22:41:30,1139.35
523,235,2025-04-20 02:44:36,938.59
524,335,2025-02-21 05:42:48,1944.57
525,341,2025-09-01 20:53:56,1224.88
526,103,2025-03-23 22:29:55,712.02
527,395,2025-09-04 07:42:18,245.91
528,421,2025-02-02 12:59:16,319.47
529,295,2025-03-12 02:51:18,466.13
530,474,2025-06-17 17:25:37,516.91
531,182,2025-05-21 17:36:20,1704.22
532,458,2025-08-25 15:07:25,1131.22
533,451,2025-01-13 00:51:30,1056.31
534,367,2025-06-09 18:43:45,247.24
535,445,2025-07-11 21:50:40,1723.08
536,296,2025-07-09 14:25:58,1451.17
537,79,2025-08-29 16:46:42,153.98
538,97,2025-05-15 22:16:43,1421.51
539,396,2025-04-29 20:11:56,1096.21
540,76,2025-04-04 19:37:49,181.82
541,106,2025-05-20 03:34:32,927.44
542,158,2025-03-31 06:21:39,979.7
543,93,2025-05-31 18:05:56,348.23
544,52,2025-03-30 12:35:20,1892.48
545,14,2025-04-16 02:03:46,1702.95
546,274,2025-07-04 11:15:38,1344.66
547,309,2025-01-15 21:32:37,935.35
548,484,2025-03-15 22:40:47,835.3
549,433,2025-08-26 05:12:42,1308.93
550,21,2025-05-26 02:25:06,1099.96
551,400,2025-08-04 06:21:18,143.3
552,66,2025-04-03 11:50:26,1034.76
553,277,2025-06-27 10:48:08,1616.68
554,179,2025-09-01 12:32:50,929.29
555,489,2025-03-26 16:50:22,122.87
556,36,2025-01-27 07:00:42,1576.83
557,168,2025-07-24 23:09:00,418.7
558,446,2025-04-13 07:18:33,532.07
559,162,2025-02-06 07:09:56,346.12
560,476,2025-02-25 05:43:19,673.83
561,118,2025-03-14 05:49:09,1518.37
562,337,2025-04-21 18:30:19,1048.38
563,107,2025-03-20 03:39:18,425.66
564,104,2025-07-20 08:06:11,1758.1
565,156,2025-04-17 15:17:53,1761.57
566,84,2025-06-11 13:25:50,1743.75
567,218,2025-01-22 11:00:58,492.82
568,139,2025-05-23 04:50:26,913.45
569,120,2025-06-26 06:48:18,1970.28
570,480,2025-04-09 22:20:21,1548.58
571,471,2025-04-20 07:00:06,73.79
572,112,2025-01-05 21:35:00,149.11
573,396,2025-05-20 09:45:35,938.58
574,182,2025-08-30 18:20:27,1820.26
575,14,2025-06-10 02:51:30,1086.63
576,71,2025-09-05 02:04:45,1005.67
577,450,2025-03-26 20:13:55,228.84
578,461,2025-04-27 23:16:13,1320.42
579,484,2025-05-01 14:19:41,1647.76
580,226,2025-07-09 03:53:19,773.23
581,64,2025-06-18 22:28:59,1555.71
582,428,2025-07-12 19:17:47,1929.66
583,486,2025-05-20 23:07:27,423.46
584,193,2025-06-12 08:19:59,1056.19
585,14,2025-02-17 20:40:14,588.53
586,228,2025-02-01 06:04:45,1589.85
587,445,2025-05-01 20:47:27,1163.63
588,381,2025-03-08 01:31:35,1276.47
589,438,2025-05-25 17:55:46,1599.87
590,379,2025-08-09 00:55:11,804.02
591,107,2025-08-06 00:39:28,1831.88
592,195,2025-05-22 00:13:18,1075.4
593,26,2025-02-20 23:59:19,332.75
594,229,2025-07-10 11:56:38,1397.88
595,225,2025-08-14 12:38:30,1590.66
596,205,2025-03-14 12:51:38,647.19
597,102,2025-08-12 09:29:11,1717.21
598,106,2025-07-07 05:32:42,1814.16
599,395,2025-04-24 04:34:33,568.27
600,195,2025-04-14 11:39:52,1967.37
601,303,2025-04-14 10:23:37,298.61
602,418,2025-02-19 15:14:33,419.99
603,64,2025-01-10 12:43:16,384.77
604,48,2025-04-08 05:54:10,1790.1
605,497,2025-04-16 12:06:06,1315.5
606,90,2025-08-17 21:32:10,321.17
607,260,2025-07-10 06:47:23,891.84
608,468,2025-05-15 06:14:28,1238.29
609,297,2025-07-23 12:04:08,185.26
610,371,2025-06-01 18:11:29,1767.18
611,265,2025-04-29 07:11:02,1611.14
612,63,2025-03-19 05:21:08,1020.31
613,84,2025-07-22 12:13:29,1934.91
614,388,2025-04-23 02:08:43,847.17
615,108,2025-09-05 09:37:26,1968.54
616,62,2025-08-24 07:58:27,1342.48
617,482,2025-05-23 19:32:44,1276.65
618,251,2025-01-06 13:08:15,348.59
619,380,2025-08-16 14:59:35,1766.22
620,310,2025-04-14 03:31:48,866.43
621,184,2025-08-07 05:04:53,341.22
622,384,2025-09-03 15:37:07,44.96
623,163,2025-02-15 14:46:08,1128.32
624,213,2025-09-03 13:13:52,1064.25
625,98,2025-06-05 19:56:45,1444.32
626,108,2025-08-20 01:05:29,1782.71
627,47,2025-01-14 16:44:30,177.23
628,410,2025-02-16 08:26:53,1468.36
629,260,2025-01-02 18:06:11,391.08
630,185,2025-07-27 20:07:33,1719.19
631,245,2025-08-31 00:43:49,1641.75
632,131,2025-01-20 21:18:06,1090.77
633,261,2025-06-01 05:39:59,1426.28
634,58,2025-02-23 03:32:15,642.41
635,484,2025-04-07 08:35:16,952.91
636,234,2025-02-02 10:03:34,1646.84
637,9,2025-06-11 18:39:38,929.35
638,4,2025-05-17 16:20:05,728.44
639,195,2025-08-08 02:18:42,998.54
640,412,2025-02-02 14:35:38,1659.93
641,216,2025-03-17 17:31:33,683.71
642,205,2025-07-22 03:28:52,364.05
643,493,2025-07-24 02:28:26,1429.79
644,440,2025-08-16 16:39:33,1655.44
645,52,2025-05-28 20:13:18,219.26
646,182,2025-06-09 09:17:21,494.95
647,185,2025-04-12 13:57:19,301.1
648,485,2025-03-20 03:11:43,708.92
649,159,2025-07-29 17:27:08,911.69
650,429,2025-02-24 04:37:59,1502.68
651,34,2025-06-10 00:12:03,1309.27
652,223,2025-06-15 05:37:29,1249.44
653,485,2025-04-30 11:53:14,717.7
654,435,2025-07-01 22:38:53,1686.07
655,334,2025-06-26 12:11:21,953.15
656,154,2025-01-17 15:51:57,1958.63
657,118,2025-02-02 12:14:44,1275.6
658,360,2025-09-02 12:53:40,270.0
659,44,2025-07-22 23:03:03,1358.83
660,334,2025-03-24 19:45:30,663.71
661,330,2025-03-01 03:04:42,1378.93
662,415,2025-02-20 03:15:04,157.89
663,200,2025-03-19 07:08:35,366.27
664,449,2025-07-22 10:02:56,1714.36
665,242,2025-04-30 19:39:51,469.82
666,9,2025-08-28 18:07:48,1677.34
667,488,2025-06-13 08:33:28,572.97
668,494,2025-02-21 01:49:53,1292.91
669,141,2025-03-12 05:27:05,1394.42
670,374,2025-08-23 09:24:41,1035.06
671,332,2025-07-24 12:56:00,624.52
672,460,2025-01-28 08:58:15,441.04
673,166,2025-01-31 04:24:24,85.71
674,24,2025-08-23 23:27:51,621.81
675,73,2025-01-05 10:39:11,1313.26
676,434,2025-04-11 03:39:12,1877.84
677,128,2025-05-10 03:18:52,1744.98
678,91,2025-04-05 09:21:29,1536.81
679,290,2025-07-27 09:51:15,1581.13
680,5,2025-02-21 23:02:38,1336.67
681,66,2025-07-15 14:47:05,535.37
682,266,2025-05-30 05:39:50,1816.25
683,80,2025-02-20 19:37:06,1348.05
684,72,2025-01-03 08:05:29,1129.67
685,356,2025-07-14 01:45:11,239.76
686,241,2025-06-15 05:32:58,905.17
687,391,2025-03-01 16:09:00,931.51
688,20,2025-08-27 17:10:58,1731.84
689,32,2025-02-25 09:18:30,1102.36
690,306,2025-08-23 20:52:41,773.19
691,411,2025-01-04 05:24:28,1954.06
692,108,2025-02-07 08:41:58,239.23
693,444,2025-07-10 16:03:32,856.65
694,379,2025-08-16 14:54:32,103.21
695,339,2025-07-08 00:02:39,1485.01
696,151,2025-01-11 00:11:30,1837.79
697,191,2025-08-13 18:10:02,574.47
698,317,2025-04-29 22:30:12,1719.52
699,213,2025-04-29 21:34:02,598.59
700,422,2025-06-05 08:50:34,1823.32
701,81,2025-04-11 02:20:50,1512.84
702,215,2025-09-04 02:10:35,1613.72
703,89,2025-07-18 21:54:47,55.65
704,90,2025-01-07 22:12:44,1926.36
705,480,2025-04-29 06:52:52,1458.81
706,266,2025-04-21 18:07:04,623.41
707,495,2025-04-28 22:27:32,1662.2
708,78,2025-08-28 20:27:30,577.41
709,380,2025-08-10 02:53:49,1748.05
710,415,2025-09-05 00:46:35,242.91
711,415,2025-06-10 20:21:55,1413.3
712,343,2025-01-03 09:01:13,1090.58
713,93,2025-04-18 18:46:38,211.14
714,187,2025-02-24 14:55:51,498.95
715,451,2025-01-07 11:11:25,44.56
716,474,2025-03-20 23:57:12,948.16
717,57,2025-06-19 08:21:53,616.51
718,403,2025-08-02 08:20:30,1204.75
719,84,2025-07-18 14:57:47,608.53
720,16,2025-03-18 21:21:20,613.84
721,255,2025-03-22 06:07:20,1491.52
722,105,2025-09-04 08:58:39,115.32
723,157,2025-03-20 02:13:18,1807.73
724,207,2025-04-18 03:56:57,1707.48
725,321,2025-02-15 16:52:58,1342.25
726,192,2025-02-17 18:30:29,1194.58
727,466,2025-08-24 05:35:55,1786.76
728,431,2025-03-14 21:19:30,386.95
729,136,2025-04-30 03:46:30,176.36
730,319,2025-02-27 01:22:06,494.23
731,165,2025-03-04 07:07:47,1593.26
732,15,2025-01-06 11:52:25,88.65
733,402,2025-05-11 21:36:50,1173.96
734,14,2025-05-17 21:36:46,1990.97
735,170,2025-04-20 10:03:54,1714.28
736,15,2025-01-18 22:56:32,1052.46
737,456,2025-03-11 02:00:50,146.01
738,241,2025-07-27 11:15:31,1666.12
739,18,2025-07-01 01:36:33,1205.98
740,377,2025-04-17 22:29:37,247.57
741,447,2025-01-21 11:51:09,205.84
742,74,2025-04-23 13:49:27,1821.06
743,468,2025-07-10 22:04:52,1345.02
744,209,2025-08-06 11:00:50,1661.99
745,24,2025-06-09 02:27:58,1760.38
746,277,2025-04-28 01:53:13,1152.11
747,194,2025-06-04 20:25:24,1044.54
748,391,2025-06-10 14:58:56,872.25
749,307,2025-06-30 14:14:25,647.55
750,370,2025-01-30 17:24:02,880.5
751,269,2025-02-04 12:21:05,1552.28
752,87,2025-06-03 23:20:10,1211.81
753,81,2025-03-13 11:54:44,1787.2
754,52,2025-05-06 17:26:30,897.89
755,8,2025-02-24 23:44:05,1222.04
756,179,2025-04-18 06:20:35,1269.99
757,460,2025-07-07 06:51:51,1191.56
758,115,2025-05-17 08:24:51,1411.21
759,48,2025-02-12 04:59:19,490.12
760,215,2025-01-19 07:24:09,1034.48
761,34,2025-02-10 21:54:51,226.37
762,58,2025-07-01 01:33:52,781.33
763,496,2025-09-05 04:39:04,985.58
764,244,2025-02-12 02:30:57,1311.4
765,238,2025-03-25 04:17:46,1902.05
766,213,2025-04-06 09:58:27,1209.29
767,439,2025-09-07 03:51:40,1492.32
768,460,2025-02-01 19:48:20,1022.41
769,275,2025-02-25 16:10:23,1275.53
770,226,2025-04-13 20:10:41,160.45
771,69,2025-08-19 23:47:10,523.7
772,439,2025-03-05 16:56:29,736.47
773,309,2025-03-30 21:54:51,955.54
774,415,2025-08-27 22:12:23,110.38
775,327,2025-06-27 17:13:04,297.25
776,1,2025-06-22 08:08:25,568.09
777,160,2025-01-21 14:25:59,1943.63
778,244,2025-07-24 03:13:48,676.07
779,241,2025-07-09 02:08:24,974.44
780,461,2025-06-10 13:24:19,408.27
781,463,2025-01-31 14:22:57,1229.34
782,132,2025-01-07 17:18:24,575.75
783,66,2025-02-27 03:43:06,429.85
784,166,2025-05-07 01:43:58,1042.81
785,337,2025-05-27 19:19:23,30.9
786,277,2025-09-05 15:46:20,35.17
787,188,2025-09-05 04:12:39,453.76
788,490,2025-08-26 04:14:38,92.71
789,315,2025-05-26 07:34:09,233.89
790,343,2025-03-23 17:34:42,690.94
791,367,2025-01-19 21:09:16,1609.12
792,50,2025-08-31 15:03:31,1152.66
793,245,2025-06-29 00:47:33,1035.08
794,253,2025-06-30 08:04:48,601.11
795,384,2025-03-03 18:11:03,1864.87
796,426,2025-03-17 23:21:49,806.09
797,437,2025-05-29 08:22:16,192.44
798,293,2025-08-12 09:57:03,1241.79
799,101,2025-02-05 09:40:42,245.4
800,65,2025-02-03 01:10:46,703.54
801,113,2025-06-07 00:44:14,1024.68
802,264,2025-08-01 02:26:46,1750.96
803,67,2025-03-01 13:12:25,997.22
804,413,2025-01-09 18:18:43,1410.47
805,483,2025-01-06 07:51:24,1985.78
806,74,2025-05-10 05:48:12,280.35
807,116,2025-06-08 02:15:50,563.97
808,338,2025-01-15 22:02:27,801.26
809,43,2025-02-28 15:38:33,855.22
810,381,2025-02-11 14:33:20,833.82
811,49,2025-05-16 16:51:31,1817.07
812,368,2025-01-08 21:17:57,1433.78
813,207,2025-07-10 00:31:38,1223.65
814,145,2025-04-07 19:27:01,632.56
815,455,2025-08-07 07:06:54,1651.1
816,315,2025-08-28 12:44:17,1911.02
817,54,2025-05-05 14:29:32,1645.97
818,128,2025-07-08 15:21:18,23.1
819,116,2025-08-20 21:11:26,1280.07
820,129,2025-01-16 09:46:44,121.25
821,95,2025-08-07 02:31:25,530.06
822,374,2025-05-02 15:51:40,137.86
823,338,2025-09-03 19:08:58,1215.51
824,155,2025-06-13 15:08:09,1379.45
825,169,2025-07-25 18:42:26,246.69
826,364,2025-08-25 15:48:56,780.0
827,499,2025-03-29 10:00:30,923.35
828,237,2025-05-16 05:09:01,750.72
829,343,2025-06-01 21:19:55,259.63
830,303,2025-07-08 13:27:00,849.52
831,267,2025-05-18 02:51:27,1507.33
832,265,2025-03-13 22:40:15,160.6
833,296,2025-02-07 13:38:44,178.76
834,453,2025-08-06 09:35:43,722.45
835,137,2025-05-27 09:13:19,1884.62
836,390,2025-03-10 14:23:55,1343.77
837,461,2025-01-26 15:15:13,1363.77
838,68,2025-02-24 18:22:51,736.6
839,168,2025-05-21 14:25:53,1195.45
840,217,2025-07-15 22:34:41,40.06
841,192,2025-08-20 06:37:13,1279.47
842,339,2025-05-28 11:02:20,1828.31
843,75,2025-08-18 10:14:52,1232.9
844,297,2025-02-20 06:23:04,1749.92
845,378,2025-05-25 01:23:24,1453.47
846,479,2025-04-23 23:56:49,258.71
847,436,2025-03-05 04:36:47,1806.86
848,18,2025-02-24 11:39:46,151.56
849,383,2025-01-28 10:29:16,1077.26
850,464,2025-08-29 02:07:29,301.43
851,410,2025-01-18 20:05:49,43.18
852,198,2025-07-29 16:16:46,855.63
853,324,2025-07-30 07:16:39,604.18
854,25,2025-05-02 18:43:01,982.28
855,407,2025-09-07 02:24:11,1162.86
856,102,2025-04-01 04:31:02,106.6
857,94,2025-05-07 23:32:13,263.55
858,8,2025-07-04 16:45:55,1126.11
859,74,2025-04-12 12:57:21,699.47
860,325,2025-09-02 08:39:52,1463.76
861,18,2025-06-22 21:00:28,1311.54
862,428,2025-01-24 16:41:58,1694.3
863,407,2025-02-28 08:56:05,1391.14
864,122,2025-08-02 00:14:22,871.26
865,83,2025-06-30 04:02:52,1352.47
866,204,2025-05-10 19:27:51,565.25
867,166,2025-03-30 18:24:52,626.5
868,6,2025-08-26 13:54:37,1582.19
869,293,2025-07-21 02:44:52,903.91
870,247,2025-02-17 09:28:08,1600.79
871,248,2025-01-24 21:46:20,1648.4
872,440,2025-03-18 21:13:44,1717.97
873,177,2025-02-21 22:05:38,1834.94
874,97,2025-08-14 19:32:26,873.35
875,322,2025-07-19 02:41:25,651.36
876,446,2025-07-07 13:18:21,1172.75
877,419,2025-07-20 23:37:50,754.92
878,498,2025-03-25 18:09:19,1210.13
879,296,2025-01-11 06:44:16,1417.06
880,208,2025-04-27 06:45:41,1383.04
881,232,2025-05-26 16:34:52,761.61
882,110,2025-01-21 09:14:13,350.38
883,233,2025-03-01 06:11:28,872.45
884,319,2025-01-09 23:50:21,302.34
885,135,2025-05-10 06:22:05,1782.39
886,280,2025-04-04 16:12:27,704.84
887,226,2025-07-15 01:45:15,325.83
888,61,2025-02-04 22:34:22,70.39
889,382,2025-08-28 04:17:52,1298.73
890,144,2025-04-12 07:32:10,1281.07
891,336,2025-01-18 00:22:37,694.4
892,394,2025-09-04 13:32:16,161.99
893,264,2025-04-24 20:06:07,831.07
894,474,2025-03-06 04:36:43,636.21
895,173,2025-03-22 18:16:22,1360.7
896,173,2025-06-04 21:17:13,1219.44
897,457,2025-08-17 16:31:26,741.9
898,96,2025-06-16 01:13:03,451.43
899,131,2025-08-16 10:18:29,1976.31
900,175,2025-06-15 22:21:58,918.92
901,414,2025-03-08 02:15:59,1382.78
902,447,2025-06-12 11:12:38,298.29
903,250,2025-01-04 17:54:34,981.47
904,396,2025-08-23 19:38:00,74.52
905,282,2025-03-03 11:20:13,1020.8
906,234,2025-07-21 12:21:08,1928.75
907,340,2025-02-08 01:15:12,780.73
908,50,2025-02-21 07:50:49,97.21
909,343,2025-09-05 17:47:33,81.29
910,439,2025-01-24 00:23:09,788.21
911,176,2025-02-07 06:58:03,336.85
912,391,2025-03-25 18:28:12,66.24
913,266,2025-07-09 11:31:20,1517.3
914,135,2025-07-07 22:07:55,927.88
915,33,2025-04-25 19:17:03,592.7
916,401,2025-02-16 19:16:50,1802.16
917,188,2025-07-26 21:19:11,249.96
918,219,2025-02-17 10:45:14,1912.72
919,329,2025-02-02 13:32:56,641.65
920,14,2025-01-18 01:06:35,1779.04
921,494,2025-07-23 10:45:18,1213.83
922,279,2025-07-03 13:03:50,1656.88
923,65,2025-06-19 17:57:36,1968.35
924,49,2025-05-05 16:27:58,591.04
925,117,2025-02-15 16:34:42,1923.05
926,500,2025-08-19 13:40:21,791.17
927,235,2025-08-17 00:34:18,783.31
928,425,2025-03-31 10:49:39,693.97
929,57,2025-03-27 06:43:41,1091.99
930,62,2025-06-01 08:22:25,325.21
931,282,2025-05-21 00:54:32,1116.35
932,365,2025-03-04 11:31:41,1092.58
933,152,2025-08-19 23:18:15,1528.57
934,65,2025-09-01 09:06:49,1670.63
935,448,2025-06-20 15:06:18,892.07
936,178,2025-04-29 10:18:56,618.62
937,158,2025-05-21 11:36:44,533.48
938,232,2025-03-02 05:34:30,405.36
939,224,2025-02-20 01:00:29,134.14
940,284,2025-03-02 08:16:57,698.05
941,482,2025-04-11 07:57:27,555.09
942,43,2025-08-14 19:59:15,1933.51
943,495,2025-01-14 19:56:22,1124.26
944,444,2025-06-10 04:56:55,707.61
945,498,2025-05-18 07:24:46,1169.33
946,259,2025-07-23 07:01:26,295.61
947,94,2025-06-21 23:23:15,899.21
948,204,2025-06-02 20:02:21,1259.94
949,420,2025-08-07 14:18:05,988.02
950,482,2025-02-20 06:46:56,815.52
951,454,2025-04-28 12:11:06,1987.82
952,262,2025-05-30 07:03:34,1763.02
953,100,2025-01-07 00:39:29,1254.34
954,73,2025-08-15 02:43:13,1147.37
955,431,2025-07-25 19:43:49,1248.91
956,349,2025-03-19 18:24:34,418.6
957,114,2025-03-29 00:22:48,802.37
958,398,2025-06-21 12:34:13,98.13
959,9,2025-08-25 12:49:25,961.58
960,102,2025-06-19 04:01:18,1095.19
961,376,2025-05-28 16:11:35,470.94
962,382,2025-07-13 04:13:34,1928.78
963,182,2025-04-17 04:27:12,1820.72
964,270,2025-04-19 20:22:14,1449.84
965,308,2025-01-08 00:22:36,1076.11
966,400,2025-03-07 05:58:05,1742.54
967,78,2025-02-14 23:02:01,278.69
968,289,2025-02-16 19:35:41,1585.21
969,441,2025-09-06 04:08:45,267.15
970,272,2025-01-15 10:16:48,1592.54
971,269,2025-06-10 15:09:28,566.02
972,25,2025-07-18 09:10:44,1756.64
973,410,2025-01-01 18:24:54,1889.2
974,273,2025-01-26 23:27:27,314.62
975,186,2025-01-04 12:38:21,936.1
976,277,2025-02-06 18:16:30,1962.36
977,118,2025-04-29 11:07:55,977.15
978,356,2025-04-26 14:03:46,1729.82
979,485,2025-08-20 12:02:32,1185.69
980,272,2025-03-25 08:56:16,763.15
981,86,2025-05-19 03:12:56,585.85
982,192,2025-08-24 08:55:48,422.38
983,82,2025-06-18 18:42:24,1528.36
984,52,2025-06-03 14:42:05,785.35
985,349,2025-04-13 18:39:18,1032.33
986,85,2025-08-07 15:20:35,994.8
987,326,2025-05-05 03:13:57,1163.01
988,325,2025-06-24 13:00:30,1733.84
989,440,2025-01-27 19:06:24,1961.86
990,317,2025-04-06 14:46:54,827.02
991,116,2025-03-18 14:53:53,1658.49
992,432,2025-02-24 01:26:16,1533.77
993,477,2025-01-22 04:35:14,1155.59
994,385,2025-05-19 07:42:07,1912.97
995,367,2025-07-16 00:04:37,416.94
996,78,2025-03-18 01:43:41,236.34
997,277,2025-01-26 16:19:38,1710.84
998,483,2025-03-28 19:31:25,889.52
999,490,2025-07-11 17:46:14,1697.0
1000,313,2025-07-07 03:54:05,1788.32
1001,218,2025-04-12 04:23:57,143.67
1002,440,2025-08-20 01:19:49,1769.26
1003,104,2025-07-28 21:03:38,907.67
1004,143,2025-02-22 14:20:37,1030.66
1005,26,2025-08-10 10:02:24,1260.65
1006,492,2025-01-17 01:42:11,1854.24
1007,497,2025-01-08 21:03:30,57.85
1008,486,2025-01-02 06:48:45,964.15
1009,206,2025-08-05 14:09:25,1381.69
1010,152,2025-07-06 22:40:09,1450.96
1011,200,2025-03-20 03:29:21,1391.21
1012,462,2025-05-15 19:29:18,286.18
1013,268,2025-02-20 21:01:24,612.8
1014,498,2025-09-01 15:57:56,730.26
1015,216,2025-05-02 13:22:32,1612.79
1016,458,2025-06-23 16:33:45,571.94
1017,244,2025-04-20 20:13:09,437.2
1018,240,2025-03-20 05:15:41,1915.75
1019,165,2025-02-17 05:27:11,37.55
1020,70,2025-05-10 19:19:42,1995.69
1021,370,2025-04-17 08:01:32,1360.11
1022,481,2025-04-21 22:08:53,1660.37
1023,154,2025-04-16 12:19:52,603.35
1024,1,2025-01-16 07:01:38,48.34
1025,39,2025-06-27 22:32:47,1480.98
1026,129,2025-01-06 06:46:02,1671.61
1027,363,2025-08-01 21:07:20,1486.14
1028,285,2025-01-17 23:08:34,302.84
1029,343,2025-09-04 12:47:11,1511.79
1030,160,2025-03-14 12:10:05,1542.47
1031,107,2025-03-28 22:59:30,1323.91
1032,473,2025-01-19 20:44:05,1536.91
1033,376,2025-01-21 06:51:24,1694.92
1034,314,2025-05-22 22:06:34,1234.94
1035,305,2025-02-07 12:07:37,195.44
1036,492,2025-03-22 22:27:54,985.5
1037,35,2025-05-09 14:56:16,173.75
1038,31,2025-03-08 00:16:08,826.94
1039,387,2025-01-23 17:10:49,826.07
1040,211,2025-08-08 09:37:22,150.7
1041,72,2025-01-08 17:01:11,710.66
1042,74,2025-02-15 06:43:28,239.78
1043,247,2025-08-10 10:04:58,1620.31
1044,422,2025-08-09 16:21:44,1896.42
1045,83,2025-02-10 00:52:56,163.19
1046,392,2025-01-10 19:23:49,1911.13
1047,498,2025-06-13 10:42:12,1054.7
1048,414,2025-02-09 00:56:19,613.14
1049,500,2025-04-16 16:14:48,172.19
1050,487,2025-05-09 15:10:00,1011.24
1051,125,2025-05-09 21:55:38,1593.14
1052,201,2025-05-18 10:32:50,1420.03
1053,403,2025-07-05 06:05:53,119.45
1054,82,2025-05-05 14:47:06,164.35
1055,331,2025-06-03 01:58:54,817.69
1056,215,2025-04-02 00:46:13,604.68
1057,201,2025-04-10 08:00:40,480.12
1058,303,2025-07-10 19:24:50,576.39
1059,100,2025-06-05 01:54:12,1610.9
1060,128,2025-05-19 10:39:06,1859.87
1061,428,2025-08-02 16:03:05,822.1
1062,180,2025-04-08 01:28:08,1814.1
1063,37,2025-04-18 09:40:46,656.56
1064,116,2025-09-03 18:34:17,963.35
1065,494,2025-06-27 10:03:29,467.54
1066,486,2025-04-14 12:39:04,1288.14
1067,142,2025-03-07 08:50:14,1958.38
1068,72,2025-03-08 06:35:37,1214.92
1069,458,2025-06-13 21:53:36,728.47
1070,206,2025-02-19 02:59:43,1302.68
1071,64,2025-01-16 18:20:42,263.38
1072,372,2025-01-06 04:25:58,1779.54
1073,379,2025-08-01 21:12:01,1016.11
1074,300,2025-02-28 04:40:41,909.71
1075,484,2025-01-16 11:47:31,1180.01
1076,345,2025-05-12 09:58:07,1257.07
1077,78,2025-05-15 01:05:38,162.12
1078,106,2025-04-26 19:50:46,1371.58
1079,228,2025-02-24 18:48:45,499.02
1080,73,2025-05-07 15:35:04,1433.63
1081,345,2025-05-22 14:51:40,1648.62
1082,142,2025-04-21 11:34:47,1611.84
1083,390,2025-07-05 18:12:25,1113.95
1084,168,2025-06-21 14:49:42,1049.94
1085,6,2025-02-18 14:04:18,302.89
1086,327,2025-03-15 21:59:39,1555.19
1087,61,2025-06-26 07:12:18,557.39
1088,267,2025-01-25 11:14:06,1003.46
1089,160,2025-02-07 01:54:57,582.86
1090,269,2025-01-26 23:05:12,284.98
1091,53,2025-05-24 16:04:43,1266.52
1092,396,2025-03-06 09:20:12,127.58
1093,322,2025-08-26 07:28:39,1502.32
1094,307,2025-06-28 18:46:20,648.82
1095,242,2025-07-02 21:28:41,20.27
1096,119,2025-07-12 15:14:13,1032.04
1097,339,2025-08-27 19:32:48,112.77
1098,225,2025-08-24 05:05:16,566.82
1099,153,2025-03-09 21:37:11,1419.81
1100,421,2025-07-14 08:46:47,144.13
1101,64,2025-02-20 06:59:21,1681.89
1102,278,2025-02-02 21:07:40,27.56
1103,381,2025-05-11 04:39:01,508.71
1104,313,2025-05-01 09:55:41,1486.99
1105,233,2025-08-20 03:20:45,646.21
1106,79,2025-01-07 06:57:39,221.75
1107,37,2025-04-05 10:27:39,733.26
1108,451,2025-01-18 05:35:27,555.38
1109,387,2025-02-28 04:17:03,1688.57
1110,467,2025-01-18 08:11:03,640.43
1111,369,2025-06-08 12:34:54,1582.09
1112,175,2025-02-16 18:52:32,1785.91
1113,449,2025-04-11 19:18:50,878.96
1114,140,2025-01-07 16:42:33,1821.69
1115,487,2025-08-29 15:34:10,767.09
1116,21,2025-06-07 19:22:23,1928.88
1117,196,2025-02-01 15:58:51,196.79
1118,430,2025-05-15 05:29:25,1380.3
1119,457,2025-06-10 16:27:20,997.75
1120,131,2025-01-27 02:14:22,787.54
1121,58,2025-03-13 07:12:14,1272.77
1122,321,2025-02-14 11:09:21,1413.64
1123,239,2025-03-12 15:03:21,28.64
1124,219,2025-03-09 13:09:25,350.57
1125,300,2025-03-05 11:48:44,1431.83
1126,87,2025-08-23 18:37:21,1339.44
1127,449,2025-04-29 06:43:04,1932.77
1128,364,2025-06-26 01:35:23,1526.85
1129,355,2025-08-04 03:35:29,1902.53
1130,444,2025-07-22 16:16:16,1411.03
1131,407,2025-06-15 18:36:06,610.14
1132,250,2025-08-05 22:16:36,228.62
1133,389,2025-06-24 14:38:48,1568.01
1134,150,2025-03-31 20:14:33,1295.42
1135,116,2025-03-24 02:20:33,115.41
1136,268,2025-05-05 15:00:32,732.9
1137,53,2025-08-11 18:12:17,1914.46
1138,46,2025-08-28 09:34:03,1010.79
1139,375,2025-07-25 22:56:24,876.8
1140,309,2025-06-15 15:25:37,926.25
1141,492,2025-04-22 17:20:25,433.59
1142,307,2025-07-05 15:58:59,750.04
1143,443,2025-03-13 13:46:04,752.23
1144,186,2025-01-02 11:29:07,123.66
1145,124,2025-03-03 21:54:18,1539.78
1146,446,2025-02-03 18:16:36,844.68
1147,436,2025-07-10 03:13:19,1647.92
1148,341,2025-02-07 06:37:46,1703.69
1149,254,2025-06-11 13:00:44,439.75
1150,429,2025-02-17 08:35:48,1321.56
1151,360,2025-07-10 03:59:04,955.12
1152,494,2025-07-07 04:23:10,1762.71
1153,222,2025-08-08 19:15:31,447.17
1154,216,2025-07-16 08:15:41,1362.07
1155,30,2025-09-02 17:56:08,1223.35
1156,327,2025-03-09 11:24:46,604.7
1157,54,2025-06-02 12:14:03,290.47
1158,443,2025-01-30 06:55:26,1310.25
1159,395,2025-07-26 15:24:16,1482.42
1160,144,2025-01-04 19:16:00,644.94
1161,432,2025-04-07 16:34:02,1296.77
1162,371,2025-08-05 08:48:36,802.36
1163,376,2025-02-12 21:20:57,1432.15
1164,142,2025-05-01 16:43:57,414.45
1165,464,2025-03-16 18:59:13,1782.63
1166,129,2025-08-09 06:57:21,589.07
1167,328,2025-02-14 11:45:21,748.22
1168,261,2025-05-12 14:08:59,135.02
1169,169,2025-08-20 23:51:08,240.79
1170,215,2025-03-11 03:17:56,1041.41
1171,342,2025-07-06 15:34:08,549.83
1172,429,2025-01-01 18:58:49,1674.25
1173,129,2025-02-18 22:31:05,49.09
1174,183,2025-06-17 04:19:54,770.61
1175,43,2025-03-06 01:55:07,687.94
1176,7,2025-08-28 03:16:12,58.27
1177,52,2025-04-06 05:05:59,266.25
1178,366,2025-01-13 14:28:13,839.01
1179,413,2025-06-11 04:48:50,995.87
1180,249,2025-01-29 17:51:48,820.49
1181,125,2025-04-13 10:33:14,1071.26
1182,300,2025-06-21 10:05:02,1198.36
1183,254,2025-08-01 16:48:40,39.65
1184,114,2025-03-21 21:34:41,938.91
1185,303,2025-01-14 00:27:52,1927.73
1186,223,2025-05-11 04:59:53,1047.68
1187,341,2025-03-06 08:58:24,1361.53
1188,137,2025-06-16 02:25:27,637.49
1189,54,2025-07-26 09:26:11,1552.5
1190,400,2025-06-26 04:50:26,1550.38
1191,424,2025-08-30 17:12:14,1052.17
1192,363,2025-02-28 12:38:47,1952.51
1193,250,2025-04-05 10:58:56,268.59
1194,288,2025-04-22 23:49:10,53.56
1195,311,2025-01-16 00:43:00,1544.91
1196,429,2025-02-07 04:11:19,1618.17
1197,290,2025-07-18 04:50:28,258.01
1198,193,2025-08-28 20:09:49,545.85
1199,311,2025-08-13 00:36:14,54.75
1200,266,2025-05-08 22:44:20,600.75
1201,446,2025-03-18 04:17:10,1550.82
1202,474,2025-01-13 03:50:38,1045.56
1203,342,2025-06-22 09:17:17,709.23
1204,196,2025-03-03 05:22:11,756.04
1205,22,2025-09-05 05:46:18,22.68
1206,309,2025-01-08 10:27:05,613.61
1207,56,2025-01-11 22:43:50,1299.99
1208,303,2025-06-09 16:30:52,1948.9
1209,430,2025-02-11 13:35:17,1697.18
1210,407,2025-03-11 09:16:16,66.72
1211,330,2025-04-20 13:54:31,1799.15
1212,489,2025-09-06 02:16:47,1570.73
1213,51,2025-07-19 22:22:47,1565.14
1214,295,2025-04-03 10:05:52,926.83
1215,49,2025-09-01 01:53:19,808.05
1216,61,2025-02-15 20:09:58,619.77
1217,495,2025-05-19 05:54:56,150.08
1218,392,2025-03-12 15:39:56,471.91
1219,123,2025-05-07 16:18:22,508.28
1220,185,2025-04-28 11:54:53,978.47
1221,298,2025-05-05 22:04:51,1499.94
1222,345,2025-05-30 07:46:57,958.14
1223,364,2025-03-21 17:58:16,134.53
1224,463,2025-05-18 17:27:09,1916.42
1225,310,2025-08-17 22:08:13,1886.59
1226,216,2025-03-07 15:31:51,1574.68
1227,418,2025-03-07 16:23:03,1982.83
1228,202,2025-07-09 16:22:24,1098.08
1229,368,2025-06-18 12:03:22,1926.28
1230,382,2025-08-05 20:38:34,169.7
1231,21,2025-08-02 06:58:05,744.05
1232,178,2025-02-12 19:28:48,466.25
1233,332,2025-07-12 06:02:06,407.75
1234,404,2025-02-13 11:07:37,298.79
1235,226,2025-05-07 03:00:49,1252.38
1236,437,2025-08-31 15:53:16,1567.02
1237,236,2025-08-15 13:44:28,1165.03
1238,294,2025-01-01 00:32:04,310.99
1239,443,2025-07-28 16:54:08,1626.03
1240,268,2025-06-18 22:39:14,1279.19
1241,20,2025-03-15 09:10:13,788.57
1242,482,2025-05-13 09:09:16,1354.78
1243,205,2025-05-01 17:04:53,534.61
1244,417,2025-04-01 20:08:24,703.48
1245,413,2025-08-25 14:40:00,1836.62
1246,322,2025-08-18 04:19:38,595.2
1247,382,2025-05-05 02:59:27,950.58
1248,399,2025-03-20 09:07:59,1782.48
1249,222,2025-02-18 09:09:27,1421.29
1250,343,2025-05-29 00:04:13,143.16
1251,465,2025-06-20 19:00:03,311.66
1252,14,2025-02-17 07:09:14,35.53
1253,111,2025-08-24 23:57:03,1269.23
1254,291,2025-05-09 02:35:00,906.39
1255,93,2025-04-09 08:54:08,285.86
1256,13,2025-05-20 02:33:39,1916.71
1257,323,2025-05-15 11:24:51,1068.73
1258,485,2025-07-17 09:23:47,498.95
1259,169,2025-05-14 06:46:03,1011.2
1260,51,2025-04-30 04:32:47,1365.65
1261,150,2025-08-14 08:33:41,170.95
1262,472,2025-04-06 06:11:20,563.91
1263,212,2025-06-29 17:43:47,1617.79
1264,411,2025-07-05 06:48:18,930.14
1265,15,2025-08-22 10:42:53,1102.22
1266,374,2025-07-04 00:32:06,876.98
1267,234,2025-06-27 22:44:38,106.92
1268,435,2025-07-09 00:42:51,348.18
1269,457,2025-01-08 03:26:18,902.17
1270,130,2025-05-30 09:44:54,434.19
1271,184,2025-03-08 06:34:19,118.96
1272,420,2025-05-25 15:32:41,1690.43
1273,350,2025-02-01 12:54:19,1962.76
1274,177,2025-07-08 04:48:59,1590.42
1275,181,2025-01-12 09:31:45,1710.49
1276,499,2025-03-31 05:01:49,499.11
1277,495,2025-03-30 06:41:35,1922.04
1278,128,2025-03-22 14:15:34,409.91
1279,142,2025-03-02 02:36:03,1903.83
1280,229,2025-04-07 14:36:38,1989.74
1281,402,2025-02-17 21:23:39,1429.21
1282,25,2025-06-17 08:04:59,1962.66
1283,167,2025-02-11 10:10:54,1147.69
1284,235,2025-04-03 03:47:34,533.89
1285,358,2025-06-02 02:08:02,885.25
1286,326,2025-07-01 22:00:05,1195.25
1287,135,2025-05-05 02:33:50,164.7
1288,394,2025-07-09 13:53:39,1252.24
1289,407,2025-01-20 05:07:44,1962.73
1290,83,2025-03-31 07:56:08,396.41
1291,108,2025-05-30 05:07:09,1589.34
1292,286,2025-07-11 12:07:34,1817.64
1293,395,2025-04-16 08:21:56,1888.53
1294,443,2025-06-06 21:27:48,1921.07
1295,281,2025-01-08 05:31:06,1052.49
1296,332,2025-03-18 23:34:15,1955.07
1297,165,2025-01-11 09:30:25,1519.47
1298,380,2025-02-26 11:45:17,340.11
1299,206,2025-03-07 02:44:02,964.26
1300,386,2025-05-28 13:54:33,1442.3
1301,179,2025-07-19 01:10:20,509.73
1302,400,2025-01-25 23:05:07,1288.42
1303,418,2025-06-01 11:58:47,1339.87
1304,89,2025-04-28 23:46:12,342.15
1305,433,2025-01-08 16:41:33,1138.87
1306,256,2025-06-09 17:45:32,1547.82
1307,439,2025-06-26 10:34:32,1007.81
1308,46,2025-02-09 19:46:47,43.96
1309,171,2025-07-20 10:49:31,37.9
1310,181,2025-01-17 05:33:51,726.92
1311,316,2025-02-11 13:39:11,1853.86
1312,276,2025-03-21 18:47:34,472.78
1313,379,2025-06-27 07:35:33,1276.04
1314,413,2025-08-08 22:26:16,459.71
1315,429,2025-06-17 06:49:23,656.91
1316,495,2025-08-28 03:50:42,1699.12
1317,117,2025-07-11 19:49:43,1463.15
1318,163,2025-04-26 10:43:57,208.89
1319,425,2025-04-27 06:32:25,868.83
1320,157,2025-07-06 11:55:31,77.76
1321,52,2025-07-06 11:13:07,972.16
1322,469,2025-03-09 19:42:57,1331.62
1323,370,2025-05-10 08:52:25,254.64
1324,47,2025-04-20 13:23:17,591.99
1325,328,2025-07-27 19:57:04,807.72
1326,208,2025-09-01 04:14:19,1840.67
1327,161,2025-05-31 20:44:25,1986.64
1328,319,2025-03-06 05:14:13,108.92
1329,255,2025-01-01 19:09:32,1526.8
1330,328,2025-05-18 06:33:40,756.01
1331,96,2025-04-10 20:56:46,797.07
1332,388,2025-05-12 13:40:29,1513.44
1333,196,2025-01-16 13:33:02,1838.48
1334,104,2025-02-27 02:39:06,1902.84
1335,136,2025-05-09 18:21:46,1162.7
1336,439,2025-05-31 06:32:49,727.1
1337,363,2025-03-08 05:56:22,1579.35
1338,249,2025-02-20 19:01:49,516.98
1339,180,2025-01-14 13:00:48,1136.87
1340,173,2025-01-25 05:40:00,729.99
1341,413,2025-03-22 05:51:15,1320.13
1342,225,2025-07-04 05:26:45,495.99
1343,459,2025-03-08 19:05:53,399.35
1344,186,2025-02-12 22:32:00,1838.11
1345,387,2025-02-03 14:09:04,221.57
1346,82,2025-03-08 19:55:57,1021.8
1347,492,2025-02-18 12:16:27,457.29
1348,87,2025-02-24 11:36:25,97.08
1349,166,2025-03-24 14:30:09,91.32
1350,9,2025-06-24 10:14:05,366.94
1351,58,2025-07-21 18:43:00,1736.21
1352,98,2025-06-23 19:56:01,579.31
1353,298,2025-07-12 23:06:11,1901.91
1354,159,2025-04-17 11:02:23,1171.61
1355,466,2025-05-20 03:31:46,884.5
1356,260,2025-04-29 22:37:02,1168.58
1357,359,2025-06-30 17:22:02,1043.06
1358,329,2025-08-17 12:25:36,1522.38
1359,287,2025-08-06 03:16:30,579.34
1360,152,2025-07-26 18:59:48,719.04
1361,388,2025-02-28 07:49:47,1790.31
1362,287,2025-02-05 19:20:35,1893.98
1363,276,2025-08-06 07:59:18,1787.27
1364,92,2025-07-04 21:14:26,850.51
1365,204,2025-05-29 22:00:40,1565.12
1366,317,2025-06-28 09:16:21,963.14
1367,357,2025-05-15 11:09:25,1005.13
1368,39,2025-03-02 18:04:35,425.27
1369,102,2025-05-24 01:16:51,1190.44
1370,48,2025-08-26 20:20:52,388.55
1371,47,2025-03-24 13:28:31,676.5
1372,365,2025-06-02 16:54:38,1712.96
1373,307,2025-08-21 12:54:22,430.01
1374,469,2025-05-02 13:14:55,160.89
1375,449,2025-04-01 18:30:41,156.64
1376,340,2025-01-14 14:28:19,1882.75
1377,208,2025-02-07 19:53:16,1023.7
1378,437,2025-04-17 03:54:53,830.64
1379,135,2025-01-12 10:37:01,1625.54
1380,75,2025-04-11 09:10:40,1674.94
1381,367,2025-08-17 04:10:02,677.74
1382,175,2025-04-28 03:32:36,1393.36
1383,273,2025-03-02 19:59:57,1546.82
1384,182,2025-05-21 09:23:41,1316.21
1385,204,2025-02-26 02:19:17,320.16
1386,69,2025-03-13 11:57:17,1754.25
1387,472,2025-03-24 09:04:43,1087.41
1388,198,2025-01-27 22:21:31,579.3
1389,54,2025-07-08 13:15:27,861.95
1390,433,2025-01-26 14:26:14,94.39
1391,490,2025-05-03 08:16:16,273.18
1392,377,2025-06-28 05:49:46,1535.78
1393,418,2025-07-30 09:39:36,20.02
1394,449,2025-03-21 01:22:46,844.8
1395,455,2025-06-23 17:00:45,1054.57
1396,409,2025-03-22 06:51:42,128.18
1397,151,2025-03-08 10:18:22,1946.69
1398,315,2025-03-09 14:07:51,467.73
1399,292,2025-03-01 10:52:20,622.31
1400,498,2025-07-11 13:05:48,621.81
1401,43,2025-01-12 05:45:58,476.22
1402,166,2025-07-05 15:16:44,22.92
1403,116,2025-02-27 08:39:33,1464.1
1404,227,2025-06-19 18:23:21,1934.35
1405,423,2025-06-05 15:42:07,464.1
1406,21,2025-04-23 20:53:18,1332.83
1407,126,2025-04-27 04:46:07,1488.95
1408,281,2025-08-12 13:13:34,1699.88
1409,80,2025-07-07 19:23:44,856.81
1410,342,2025-09-05 10:21:59,619.8
1411,141,2025-08-29 06:19:59,664.08
1412,14,2025-02-19 06:13:10,1430.99
1413,254,2025-04-24 02:19:40,1637.22
1414,115,2025-02-23 22:19:05,379.6
1415,427,2025-02-19 19:41:15,754.46
1416,356,2025-01-11 05:15:49,1805.84
1417,113,2025-03-07 15:58:53,1617.25
1418,126,2025-08-23 02:42:03,1970.02
1419,449,2025-04-11 10:33:50,1513.41
1420,116,2025-04-17 00:40:36,798.53
1421,226,2025-07-01 17:52:12,1189.46
1422,332,2025-05-02 02:06:50,1328.81
1423,416,2025-09-01 22:31:51,175.34
1424,111,2025-05-21 13:52:29,1098.1
1425,75,2025-07-03 13:53:33,1424.46
1426,7,2025-01-30 15:57:31,351.3
1427,152,2025-02-25 03:43:41,1565.65
1428,125,2025-07-17 12:46:21,1175.87
1429,494,2025-01-29 01:05:04,1905.4
1430,11,2025-08-09 14:17:39,104.0
1431,440,2025-08-23 04:31:02,545.35
1432,314,2025-07-12 09:58:33,1211.08
1433,248,2025-02-24 08:35:49,607.19
1434,430,2025-07-21 01:31:37,1434.56
1435,225,2025-05-19 20:56:42,1522.83
1436,213,2025-07-06 03:42:34,222.98
1437,285,2025-03-12 04:02:59,1037.43
1438,283,2025-02-26 04:15:34,1027.6
1439,291,2025-04-18 03:52:51,751.18
1440,99,2025-06-12 15:28:22,1867.19
1441,212,2025-05-30 12:19:12,1658.46
1442,96,2025-05-27 17:58:07,1400.47
1443,435,2025-08-08 07:02:26,1434.37
1444,266,2025-05-06 00:56:00,934.2
1445,298,2025-02-28 00:39:20,1843.57
1446,205,2025-01-29 15:42:39,1395.3
1447,322,2025-04-26 12:02:56,1463.38
1448,295,2025-08-12 21:21:55,1726.15
1449,455,2025-07-20 05:33:09,562.66
1450,462,2025-01-13 17:09:24,1618.0
1451,199,2025-05-12 14:34:14,406.58
1452,383,2025-08-31 03:48:38,703.78
1453,134,2025-06-15 23:47:51,684.51
1454,362,2025-03-03 03:37:09,1957.48
1455,408,2025-05-15 13:46:50,1715.94
1456,187,2025-07-24 06:41:09,1408.32
1457,412,2025-06-20 12:22:16,1459.57
1458,411,2025-03-13 22:36:10,1132.9
1459,135,2025-05-07 16:16:46,1895.24
1460,221,2025-01-31 11:13:56,1002.59
1461,190,2025-08-07 02:46:02,773.43
1462,187,2025-04-09 20:07:25,342.81
1463,461,2025-05-13 03:17:36,1576.69
1464,474,2025-01-29 02:38:56,1474.2
1465,480,2025-03-14 21:23:26,781.02
1466,121,2025-02-12 13:57:55,69.88
1467,164,2025-07-09 16:35:19,1681.21
1468,277,2025-07-23 15:11:29,42.61
1469,183,2025-01-19 07:35:58,1413.33
1470,40,2025-08-18 07:07:26,1941.11
1471,491,2025-01-08 01:17:40,886.57
1472,355,2025-04-03 04:29:25,485.25
1473,69,2025-01-17 12:24:10,1415.64
1474,165,2025-06-18 01:41:16,1637.91
1475,441,2025-06-28 12:22:54,1101.93
1476,424,2025-05-23 23:12:43,1934.73
1477,360,2025-04-25 14:50:35,122.3
1478,127,2025-01-17 13:54:47,1019.5
1479,408,2025-06-15 02:13:30,1442.54
1480,276,2025-08-21 03:00:02,1728.03
1481,297,2025-04-13 09:58:55,374.93
1482,66,2025-02-06 01:27:25,1604.01
1483,50,2025-05-03 20:26:00,1114.36
1484,470,2025-08-28 13:10:07,805.18
1485,402,2025-03-05 21:45:33,280.8
1486,260,2025-01-04 13:31:59,1733.29
1487,363,2025-01-03 09:21:27,331.4
1488,244,2025-02-19 00:27:46,633.38
1489,275,2025-04-29 16:49:49,594.29
1490,161,2025-08-27 19:42:52,1745.4
1491,54,2025-05-19 12:21:40,1351.95
1492,414,2025-04-27 23:25:04,1597.43
1493,424,2025-06-09 02:01:00,515.93
1494,310,2025-06-22 05:02:00,1257.25
1495,117,2025-08-13 01:56:24,1152.06
1496,369,2025-05-23 03:46:50,1669.0
1497,179,2025-03-03 12:09:35,1814.05
1498,368,2025-04-25 09:49:04,44.07
1499,360,2025-03-26 12:18:06,1354.56
1500,331,2025-02-07 23:44:01,122.63
1501,500,2025-02-25 13:52:58,1106.74
1502,284,2025-07-10 00:19:03,589.51
1503,421,2025-07-31 23:18:16,627.42
1504,115,2025-02-01 04:31:40,718.86
1505,239,2025-04-04 11:42:42,1250.16
1506,138,2025-04-09 18:32:59,681.42
1507,295,2025-04-04 03:24:22,1470.74
1508,429,2025-03-10 13:54:09,820.96
1509,28,2025-05-10 11:33:15,155.34
1510,236,2025-04-15 23:39:02,1571.84
1511,317,2025-06-07 14:19:28,585.8
1512,225,2025-07-23 00:58:16,876.88
1513,255,2025-03-24 22:18:16,1377.18
1514,303,2025-08-06 02:25:51,678.26
1515,224,2025-04-26 14:20:18,132.04
1516,34,2025-01-22 10:55:19,760.36
1517,489,2025-07-20 01:52:11,1890.01
1518,88,2025-07-22 12:37:20,1290.63
1519,12,2025-01-01 20:27:25,1349.53
1520,287,2025-03-24 09:17:21,1271.92
1521,230,2025-02-18 03:45:22,414.0
1522,287,2025-02-18 12:56:09,848.3
1523,333,2025-05-15 14:02:00,1506.86
1524,30,2025-03-27 02:55:54,220.72
1525,459,2025-03-18 08:06:53,570.15
1526,178,2025-05-13 05:34:10,567.11
1527,245,2025-03-28 21:11:47,875.4
1528,445,2025-03-14 19:57:35,1961.13
1529,362,2025-05-16 14:03:47,153.66
1530,76,2025-07-03 15:39:28,1047.03
1531,33,2025-03-22 16:15:39,375.14
1532,350,2025-06-27 12:27:01,1941.94
1533,182,2025-03-20 18:01:56,244.34
1534,34,2025-02-20 16:41:52,819.13
1535,489,2025-07-27 04:05:46,1481.01
1536,369,2025-03-12 01:24:05,1415.02
1537,142,2025-03-30 12:31:33,857.0
1538,292,2025-05-16 15:18:08,706.12
1539,130,2025-04-10 15:43:34,807.27
1540,486,2025-04-04 04:15:45,543.27
1541,460,2025-07-18 18:41:15,426.56
1542,373,2025-01-08 03:36:23,976.42
1543,15,2025-02-20 03:59:46,551.7
1544,366,2025-08-18 08:42:47,589.17
1545,307,2025-03-07 11:32:08,1320.38
1546,252,2025-04-30 12:48:17,1937.7
1547,221,2025-06-25 19:27:24,1215.2
1548,361,2025-01-16 12:56:09,172.42
1549,392,2025-04-20 01:34:45,169.66
1550,483,2025-08-24 03:06:28,1903.82
1551,69,2025-07-09 12:36:44,608.64
1552,203,2025-07-30 13:46:51,202.29
1553,111,2025-03-07 14:19:52,1206.11
1554,339,2025-06-18 13:35:44,1254.82
1555,232,2025-03-04 09:06:07,1304.04
1556,159,2025-01-10 20:02:38,549.46
1557,276,2025-07-21 18:21:27,49.92
1558,357,2025-01-28 08:55:13,1930.73
1559,346,2025-08-15 03:37:20,516.77
1560,156,2025-07-22 18:49:41,1358.53
1561,170,2025-03-30 14:57:51,1419.13
1562,120,2025-04-21 01:57:08,1227.81
1563,292,2025-06-18 07:33:55,639.56
1564,409,2025-08-12 00:15:12,556.77
1565,449,2025-03-23 17:40:56,1203.38
1566,261,2025-03-04 00:33:09,1734.87
1567,485,2025-04-22 18:08:14,1894.53
1568,209,2025-08-29 01:20:49,229.69
1569,74,2025-01-03 03:58:12,326.56
1570,393,2025-01-28 18:27:41,1890.58
1571,277,2025-04-12 08:31:29,1478.34
1572,349,2025-05-29 08:08:12,1768.33
1573,301,2025-05-14 12:26:00,421.21
1574,162,2025-06-30 04:40:10,1183.42
1575,442,2025-02-09 07:53:49,1408.26
1576,4,2025-07-17 20:02:47,1366.62
1577,498,2025-05-28 16:06:28,828.14
1578,313,2025-06-11 18:01:19,50.48
1579,28,2025-01-15 01:29:51,1174.19
1580,365,2025-08-02 09:04:45,521.14
1581,387,2025-03-25 07:46:21,911.5
1582,184,2025-07-13 00:20:22,1916.01
1583,301,2025-03-27 02:53:40,810.09
1584,62,2025-06-14 14:02:00,1682.81
1585,397,2025-07-31 22:39:53,393.31
1586,37,2025-05-22 14:13:53,1351.47
1587,315,2025-07-10 04:59:32,1954.47
1588,33,2025-02-28 09:45:48,221.75
1589,272,2025-06-22 19:37:47,36.47
1590,212,2025-04-26 10:32:37,878.49
1591,374,2025-08-13 12:51:10,203.4
1592,83,2025-08-18 05:13:54,1501.8
1593,376,2025-06-11 10:14:32,1830.81
1594,100,2025-08-30 09:22:01,879.36
1595,128,2025-01-05 17:48:38,532.25
1596,308,2025-09-06 00:40:05,880.12
1597,397,2025-08-23 21:32:16,1452.43
1598,389,2025-02-28 14:32:48,37.93
1599,92,2025-06-05 08:08:20,1187.12
1600,428,2025-03-31 14:58:05,1234.32
1601,93,2025-07-07 18:41:23,1282.62
1602,16,2025-08-21 12:54:45,499.2
1603,333,2025-08-28 13:20:12,1433.82
1604,476,2025-02-11 10:40:45,200.96
1605,254,2025-07-05 03:14:08,414.56
1606,374,2025-06-30 02:01:55,1757.39
1607,62,2025-02-25 10:35:56,1482.67
1608,170,2025-07-03 11:57:45,47.22
1609,46,2025-02-25 07:50:07,511.78
1610,49,2025-06-27 14:51:51,444.52
1611,485,2025-08-04 21:05:39,556.2
1612,207,2025-05-03 15:54:37,510.17
1613,294,2025-05-28 12:46:56,143.8
1614,359,2025-04-07 22:07:39,928.7
1615,486,2025-03-23 14:09:24,1470.81
1616,351,2025-06-27 10:22:25,1221.33
1617,199,2025-07-28 10:00:08,1352.29
1618,413,2025-05-24 14:18:29,180.68
1619,209,2025-01-07 05:56:00,1903.95
1620,196,2025-05-27 01:59:20,1680.21
1621,357,2025-02-26 03:11:32,1614.08
1622,243,2025-07-27 09:23:01,1649.51
1623,71,2025-02-01 06:06:03,1866.77
1624,434,2025-02-27 07:56:39,1097.62
1625,176,2025-08-08 15:59:08,416.56
1626,94,2025-08-11 19:43:54,1241.23
1627,50,2025-03-27 08:14:07,1490.91
1628,160,2025-06-05 11:38:47,1481.08
1629,182,2025-02-14 05:14:36,1052.47
1630,91,2025-02-03 22:22:03,155.55
1631,363,2025-05-04 22:38:19,754.8
1632,221,2025-03-01 13:33:16,1843.12
1633,451,2025-02-21 22:13:31,1177.21
1634,130,2025-05-17 06:03:46,1085.9
1635,256,2025-03-23 14:28:18,552.33
1636,47,2025-02-12 23:33:53,749.53
1637,95,2025-01-19 14:15:25,1792.79
1638,134,2025-05-08 01:41:28,1339.6
1639,206,2025-02-07 11:29:09,1579.03
1640,103,2025-02-28 11:30:27,919.6
1641,117,2025-02-24 20:44:31,1267.89
1642,180,2025-08-07 21:55:47,511.8
1643,332,2025-02-24 03:39:14,1416.81
1644,325,2025-02-18 11:24:52,866.65
1645,42,2025-05-16 22:22:53,896.24
1646,174,2025-06-18 06:41:59,1305.66
1647,232,2025-07-07 15:28:43,1873.84
1648,385,2025-08-13 09:03:28,146.73
1649,49,2025-08-26 08:31:59,1652.99
1650,269,2025-05-09 15:06:54,598.92
1651,132,2025-07-24 22:42:47,898.96
1652,11,2025-02-01 22:20:47,63.39
1653,451,2025-03-12 00:42:51,616.07
1654,311,2025-06-21 01:23:21,1015.21
1655,32,2025-01-23 00:34:01,131.23
1656,286,2025-08-27 18:12:07,992.37
1657,31,2025-03-25 08:23:59,1855.68
1658,350,2025-05-16 00:42:50,228.68
1659,192,2025-03-12 07:53:59,1533.59
1660,49,2025-08-13 11:07:34,831.15
1661,87,2025-07-29 08:32:35,1317.24
1662,1,2025-06-05 04:01:44,535.27
1663,494,2025-07-05 01:24:16,335.79
1664,271,2025-09-05 06:24:20,337.72
1665,7,2025-02-25 20:43:33,159.57
1666,3,2025-04-28 15:54:33,387.58
1667,168,2025-03-28 23:08:40,1335.15
1668,197,2025-08-14 12:44:20,1765.75
1669,157,2025-04-26 02:35:48,1631.97
1670,15,2025-01-17 09:19:31,1376.57
1671,410,2025-05-17 21:50:51,238.66
1672,464,2025-05-30 05:21:53,592.59
1673,291,2025-07-25 01:18:35,633.42
1674,289,2025-05-21 07:06:43,514.91
1675,192,2025-09-06 06:26:08,1039.71
1676,440,2025-07-23 10:45:47,1080.4
1677,36,2025-02-14 15:00:43,726.63
1678,490,2025-07-15 20:29:48,720.5
1679,89,2025-06-24 23:31:39,1660.54
1680,97,2025-05-30 06:49:47,1582.8
1681,326,2025-08-29 04:09:28,629.44
1682,318,2025-05-18 21:44:04,1829.3
1683,256,2025-07-21 22:17:21,1906.57
1684,94,2025-06-19 06:09:31,666.95
1685,275,2025-03-26 11:55:48,721.76
1686,112,2025-07-09 18:15:11,1021.16
1687,500,2025-03-16 06:29:59,1883.42
1688,177,2025-09-02 13:05:40,1755.11
1689,50,2025-06-02 03:24:36,223.08
1690,447,2025-03-01 17:58:21,797.61
1691,350,2025-05-17 22:12:16,1115.67
1692,468,2025-02-14 02:05:08,1016.2
1693,80,2025-03-05 15:59:36,403.85
1694,308,2025-05-30 02:38:52,1720.46
1695,192,2025-05-22 00:56:27,1360.34
1696,294,2025-05-22 18:22:37,1679.06
1697,91,2025-01-08 03:56:27,1720.35
1698,457,2025-03-15 06:01:11,1501.74
1699,226,2025-08-28 01:50:58,889.64
1700,362,2025-03-05 18:49:50,1228.88
1701,434,2025-02-20 14:30:21,337.52
1702,451,2025-06-09 07:54:31,1353.82
1703,396,2025-04-08 19:40:36,374.92
1704,91,2025-05-02 02:57:32,1394.02
1705,260,2025-02-27 03:04:56,474.6
1706,77,2025-01-25 06:12:29,252.75
1707,417,2025-04-20 19:19:27,347.26
1708,420,2025-07-13 08:29:43,23.94
1709,228,2025-06-28 09:15:46,1443.1
1710,16,2025-07-05 20:49:13,1470.15
1711,319,2025-07-01 02:52:52,1039.57
1712,20,2025-06-03 20:08:37,339.5
1713,479,2025-09-03 09:46:13,185.44
1714,276,2025-05-05 09:44:30,57.88
1715,455,2025-02-27 18:44:01,348.18
1716,491,2025-08-13 14:26:27,1783.89
1717,407,2025-01-04 19:05:28,498.24
1718,482,2025-04-23 05:34:13,721.46
1719,62,2025-06-27 11:05:20,228.58
1720,414,2025-06-13 10:31:57,460.28
1721,479,2025-04-15 23:44:22,1048.06
1722,160,2025-08-13 16:07:55,1223.35
1723,479,2025-05-21 16:23:14,505.8
1724,150,2025-04-07 13:37:50,134.31
1725,56,2025-01-27 00:04:50,794.25
1726,179,2025-01-07 02:14:14,483.72
1727,350,2025-09-06 00:30:36,454.72
1728,93,2025-04-09 00:09:47,1920.53
1729,303,2025-05-18 12:51:49,1240.27
1730,266,2025-08-13 09:56:25,1122.62
1731,86,2025-05-09 00:27:16,843.23
1732,461,2025-01-07 08:22:08,869.31
1733,52,2025-07-19 04:37:52,1090.99
1734,255,2025-03-02 06:48:52,1398.93
1735,99,2025-03-06 06:44:05,1410.25
1736,309,2025-05-09 22:12:00,359.95
1737,80,2025-01-06 09:57:19,1010.22
1738,314,2025-06-13 23:48:01,835.68
1739,472,2025-01-22 14:19:05,1743.64
1740,173,2025-07-23 23:27:06,1270.21
1741,481,2025-03-12 05:35:50,1074.36
1742,233,2025-07-28 17:13:02,248.48
1743,476,2025-04-26 10:42:19,1219.16
1744,338,2025-04-18 17:51:31,252.06
1745,281,2025-02-03 14:16:28,687.67
1746,426,2025-08-02 19:06:02,302.83
1747,200,2025-04-09 18:34:33,1390.31
1748,402,2025-05-02 10:17:37,428.38
1749,230,2025-03-12 15:15:48,795.88
1750,484,2025-06-08 04:59:07,1793.44
1751,60,2025-05-28 00:08:47,424.55
1752,343,2025-05-12 23:41:41,1025.45
1753,284,2025-08-07 02:39:48,850.16
1754,34,2025-08-23 20:49:48,55.89
1755,174,2025-02-21 04:33:35,1589.66
1756,127,2025-03-30 00:30:22,156.71
1757,188,2025-06-27 20:16:19,959.02
1758,73,2025-01-15 17:28:29,1130.14
1759,123,2025-05-03 18:18:55,1264.28
1760,492,2025-06-28 17:04:26,1383.49
1761,419,2025-06-14 04:08:34,521.48
1762,252,2025-03-28 20:40:30,39.76
1763,97,2025-04-29 22:38:43,1452.42
1764,407,2025-01-28 20:43:52,1080.6
1765,207,2025-04-14 21:35:59,1675.51
1766,22,2025-07-07 19:31:02,1646.35
1767,184,2025-05-07 11:10:51,1689.79
1768,31,2025-05-16 05:41:47,980.49
1769,470,2025-04-10 05:53:27,680.58
1770,472,2025-06-03 08:08:34,1587.29
1771,246,2025-05-27 16:32:07,913.56
1772,416,2025-07-03 22:38:10,383.22
1773,432,2025-08-08 15:30:18,1712.85
1774,466,2025-04-27 10:43:01,1767.47
1775,338,2025-04-08 11:27:36,943.29
1776,363,2025-04-08 14:53:36,169.89
1777,387,2025-05-19 04:24:36,787.9
1778,430,2025-08-18 22:36:35,1611.0
1779,303,2025-03-26 11:40:05,1805.51
1780,51,2025-05-02 09:40:21,422.88
1781,435,2025-06-24 06:40:30,152.61
1782,267,2025-06-30 03:05:45,1757.15
1783,47,2025-03-13 03:59:59,791.02
1784,340,2025-05-09 07:53:03,1092.69
1785,336,2025-02-02 21:23:34,1936.77
1786,165,2025-03-19 00:00:48,151.8
1787,467,2025-02-01 22:34:56,1303.67
1788,270,2025-02-17 00:49:44,166.73
1789,289,2025-06-14 06:03:26,763.43
1790,295,2025-08-05 03:07:12,1611.55
1791,360,2025-05-06 12:43:33,878.28
1792,273,2025-07-22 06:24:49,1994.42
1793,268,2025-01-08 17:10:33,1126.94
1794,202,2025-05-16 00:59:51,655.9
1795,388,2025-04-10 10:54:24,455.82
1796,280,2025-08-15 19:58:31,714.03
1797,330,2025-01-29 05:42:56,757.62
1798,103,2025-07-03 09:52:13,156.05
1799,145,2025-03-28 17:30:04,751.76
1800,165,2025-06-06 19:59:39,939.19
1801,70,2025-08-28 04:51:07,1451.02
1802,230,2025-01-04 14:29:12,1320.32
1803,391,2025-07-14 11:37:25,1423.36
1804,102,2025-04-04 10:02:58,36.56
1805,150,2025-03-30 00:28:25,450.98
1806,484,2025-08-13 12:35:33,1330.13
1807,321,2025-06-07 20:50:07,978.3
1808,219,2025-02-10 15:36:58,30.52
1809,207,2025-02-03 11:24:35,1612.9
1810,223,2025-03-18 12:36:43,1550.16
1811,194,2025-06-14 08:33:23,1105.87
1812,43,2025-02-21 02:28:20,151.6
1813,252,2025-04-12 17:12:00,1537.7
1814,13,2025-09-04 05:26:50,1175.75
1815,252,2025-02-25 16:09:16,1568.28
1816,54,2025-06-08 07:03:45,1508.46
1817,165,2025-05-13 01:33:39,1609.94
1818,288,2025-01-20 23:56:25,1045.66
1819,248,2025-02-14 21:05:37,297.84
1820,313,2025-03-21 09:14:32,1348.89
1821,200,2025-08-24 02:38:26,1248.54
1822,157,2025-01-10 04:00:06,1489.66
1823,255,2025-07-28 06:10:51,356.36
1824,403,2025-07-22 16:47:23,406.05
1825,395,2025-04-13 15:54:50,1783.01
1826,148,2025-08-30 22:21:20,1504.96
1827,395,2025-07-20 02:10:51,1818.29
1828,351,2025-01-21 11:38:47,1522.26
1829,358,2025-07-15 00:21:17,1202.37
1830,29,2025-02-12 04:18:27,1315.18
1831,271,2025-05-29 22:13:39,1780.47
1832,426,2025-01-14 02:09:11,1166.04
1833,22,2025-03-07 20:19:49,1272.13
1834,97,2025-02-08 08:35:53,329.82
1835,485,2025-01-29 21:10:17,958.36
1836,46,2025-01-24 10:12:56,1438.47
1837,158,2025-02-26 18:35:04,556.47
1838,457,2025-06-19 19:14:25,420.46
1839,301,2025-08-02 10:42:15,641.38
1840,383,2025-04-04 17:33:32,498.17
1841,461,2025-01-09 09:26:47,445.53
1842,293,2025-03-03 15:17:26,861.2
1843,278,2025-05-01 01:36:08,1817.52
1844,89,2025-05-10 10:02:55,1023.98
1845,329,2025-01-09 20:28:55,392.08
1846,161,2025-04-01 17:29:51,172.4
1847,379,2025-06-21 16:30:33,1398.39
1848,25,2025-05-23 04:09:32,777.94
1849,274,2025-01-30 14:07:41,1647.23
1850,15,2025-01-01 12:28:40,1325.83
1851,25,2025-05-30 20:40:47,1596.56
1852,495,2025-05-08 09:15:50,558.45
1853,156,2025-02-28 17:11:48,1390.87
1854,198,2025-08-30 16:08:23,542.84
1855,97,2025-08-13 12:02:47,1879.36
1856,181,2025-05-17 00:12:26,1280.02
1857,494,2025-06-10 01:08:43,662.53
1858,276,2025-06-28 12:08:15,553.63
1859,27,2025-07-17 05:37:13,398.03
1860,422,2025-06-28 16:02:56,1395.39
1861,423,2025-09-06 16:32:43,453.06
1862,351,2025-08-14 18:34:49,1198.7
1863,448,2025-03-17 19:28:47,543.98
1864,223,2025-07-02 07:26:42,1330.7
1865,379,2025-03-14 22:05:08,1633.58
1866,261,2025-04-17 06:27:39,1560.49
1867,269,2025-08-31 13:34:54,1526.49
1868,435,2025-06-12 19:51:03,391.69
1869,92,2025-03-20 19:37:04,195.0
1870,261,2025-07-28 02:35:22,1403.92
1871,190,2025-02-28 01:20:26,749.33
1872,349,2025-04-12 06:56:45,876.05
1873,358,2025-05-14 07:09:44,81.68
1874,23,2025-02-22 06:19:37,533.96
1875,467,2025-08-14 00:48:17,86.68
1876,110,2025-01-04 11:28:20,1760.79
1877,51,2025-01-05 03:48:40,501.93
1878,235,2025-02-17 03:25:58,1123.53
1879,487,2025-03-20 07:09:01,97.18
1880,96,2025-05-05 09:22:26,1340.36
1881,457,2025-05-31 18:30:20,659.59
1882,114,2025-05-19 15:43:32,1797.88
1883,365,2025-01-08 06:43:36,1778.47
1884,164,2025-07-20 03:44:54,664.08
1885,38,2025-06-14 01:27:55,1803.9
1886,366,2025-05-13 17:05:49,1992.39
1887,105,2025-05-30 08:50:28,1654.32
1888,254,2025-08-30 01:11:07,1692.85
1889,106,2025-02-12 13:16:38,513.04
1890,293,2025-07-10 15:22:55,1161.87
1891,328,2025-06-21 03:24:51,153.17
1892,314,2025-01-25 21:20:40,207.94
1893,8,2025-05-20 04:29:03,1997.81
1894,24,2025-03-06 19:40:42,666.75
1895,473,2025-04-27 01:45:20,1501.4
1896,196,2025-08-16 03:15:01,1617.2
1897,106,2025-06-18 13:21:59,1718.89
1898,461,2025-08-02 04:00:53,1995.3
1899,353,2025-04-02 20:37:15,498.16
1900,60,2025-03-14 22:20:10,99.89
1901,474,2025-07-28 15:14:06,834.16
1902,149,2025-01-11 18:14:12,277.56
1903,3,2025-02-13 22:23:46,64.4
1904,464,2025-03-29 01:30:29,733.65
1905,124,2025-04-12 13:19:34,1571.8
1906,338,2025-05-01 16:37:50,1141.04
1907,417,2025-09-07 04:55:47,639.3
1908,469,2025-08-04 18:19:17,1315.6
1909,426,2025-08-08 09:50:06,479.4
1910,170,2025-03-27 20:15:36,48.48
1911,91,2025-06-17 11:49:25,1533.42
1912,200,2025-08-13 22:27:58,1255.01
1913,424,2025-07-21 08:56:13,1529.36
1914,117,2025-01-03 00:50:24,97.1
1915,191,2025-04-07 09:45:24,1677.5
1916,470,2025-02-04 20:31:08,1246.66
1917,429,2025-03-19 06:04:48,1135.52
1918,206,2025-06-26 10:04:28,1256.74
1919,23,2025-05-22 17:29:04,1731.58
1920,80,2025-01-25 05:16:41,1182.13
1921,73,2025-04-20 11:58:52,1170.28
1922,307,2025-07-03 20:30:55,1981.54
1923,127,2025-08-18 02:16:07,1518.33
1924,319,2025-02-28 20:11:08,895.74
1925,343,2025-04-14 00:36:18,1420.65
1926,133,2025-04-12 01:38:24,790.68
1927,452,2025-06-23 08:34:20,473.17
1928,473,2025-01-06 10:51:57,1201.77
1929,217,2025-01-10 19:25:25,1857.8
1930,349,2025-02-11 09:26:31,1859.7
1931,293,2025-06-28 07:23:41,696.97
1932,364,2025-05-03 13:55:14,1064.8
1933,443,2025-07-28 01:46:07,439.04
1934,462,2025-06-10 23:23:21,1991.35
1935,321,2025-08-01 14:37:57,1962.61
1936,159,2025-03-03 20:32:43,1306.03
1937,105,2025-01-17 10:08:17,1612.74
1938,482,2025-07-13 05:21:42,1435.9
1939,450,2025-04-12 09:27:47,1194.45
1940,335,2025-08-29 14:25:13,125.63
1941,378,2025-08-24 02:28:04,920.43
1942,468,2025-07-20 16:11:05,1356.08
1943,140,2025-06-15 03:20:16,1361.51
1944,210,2025-08-30 02:42:05,758.78
1945,354,2025-05-03 22:00:03,1884.55
1946,6,2025-08-01 11:36:20,351.37
1947,213,2025-04-25 10:55:25,1010.71
1948,422,2025-07-08 04:47:02,1387.95
1949,212,2025-08-16 04:42:47,1400.33
1950,194,2025-01-04 19:30:14,1304.31
1951,143,2025-07-07 12:41:18,565.07
1952,432,2025-01-09 19:24:13,329.29
1953,462,2025-04-05 06:30:23,1279.16
1954,98,2025-06-14 04:42:49,1206.62
1955,419,2025-03-18 12:39:21,375.12
1956,399,2025-08-17 23:36:07,1416.18
1957,250,2025-08-03 23:04:35,921.24
1958,130,2025-01-18 10:31:13,1342.17
1959,308,2025-04-12 23:52:03,1677.99
1960,6,2025-04-05 15:24:28,356.06
1961,321,2025-05-25 23:27:45,57.91
1962,355,2025-04-26 01:05:24,1562.62
1963,203,2025-05-18 18:12:02,1227.2
1964,22,2025-08-16 07:55:35,1405.29
1965,357,2025-04-24 23:44:34,1679.55
1966,393,2025-07-27 20:23:29,1609.57
1967,230,2025-06-27 23:09:12,1922.62
1968,66,2025-04-26 21:09:47,1081.15
1969,340,2025-03-16 09:16:59,987.22
1970,354,2025-02-15 07:31:44,815.74
1971,115,2025-04-29 08:33:41,324.31
1972,37,2025-01-20 09:45:34,1153.76
1973,327,2025-08-19 02:39:42,568.48
1974,59,2025-01-15 15:56:34,1844.19
1975,60,2025-07-30 01:11:59,1174.72
1976,82,2025-05-05 01:10:26,1193.82
1977,462,2025-02-24 11:20:22,722.75
1978,406,2025-05-23 13:17:49,122.94
1979,251,2025-05-13 12:44:36,82.85
1980,35,2025-04-17 15:43:09,858.2
1981,94,2025-06-29 04:36:43,187.44
1982,275,2025-05-02 10:11:17,1221.56
1983,168,2025-04-15 15:20:05,1764.33
1984,86,2025-08-23 21:23:39,1768.17
1985,484,2025-05-24 17:42:32,1324.91
1986,379,2025-09-02 12:57:57,438.24
1987,132,2025-05-24 13:02:53,1728.73
1988,490,2025-09-03 12:53:02,1774.47
1989,349,2025-01-18 04:36:37,409.37
1990,367,2025-05-16 06:10:00,1480.1
1991,477,2025-05-24 21:21:49,587.31
1992,356,2025-01-02 15:31:35,1609.23
1993,204,2025-06-10 01:14:26,1994.53
1994,146,2025-05-03 09:24:31,79.45
1995,275,2025-03-03 15:00:43,1796.78
1996,147,2025-04-19 03:41:37,1252.81
1997,146,2025-02-04 14:46:01,1947.3
1998,439,2025-04-24 05:51:54,940.72
1999,292,2025-06-14 06:31:20,1697.83
2000,134,2025-07-23 07:04:01,143.54
